2017-06-02,5:13:00,19:13:00
2017-06-05,5:12:00,19:12:00
2017-06-09,5:11:00,19:11:00
2017-06-10,5:11:00,19:11:00
2017-06-14,5:11:00,19:11:00
2017-06-15,5:11:00,19:11:00
2017-06-19,5:12:00,19:12:00
2017-06-20,5:12:00,19:12:00
2017-06-21,5:12:00,19:12:00
2017-06-22,5:12:00,19:12:00
2017-07-12,5:21:00,19:21:00
2017-07-13,5:22:00,19:22:00
2017-07-20,5:27:00,19:27:00
2017-07-26,5:32:00,19:32:00
2017-07-27,5:32:00,19:32:00
2017-08-02,5:37:00,19:37:00
2017-08-22,5:54:00,19:54:00
2017-08-26,5:57:00,19:57:00
2017-08-30,6:00:00,19:00:00
2017-08-31,6:01:00,19:01:00