57,-2,83,23,65.6707
58,-2,83,23,76.4514
58,-2,83,23,88.5869
58,-2,83,23,102.196
58,-2,83,23,117.531
58,-1,83,23,134.766
58,-1,83,23,154.264
58,-1,83,23,178.64
59,-1,83,23,203.181
59,-1,83,23,230.275
59,-1,83,23,259.719
59,0,83,23,294.647
59,0,83,23,330.661
59,0,83,23,367.929
60,0,83,23,407.833
60,0,83,23,454.311
60,0,83,23,502.888
60,0,83,23,552.268
60,0,83,23,604.717
60,0,83,23,660.464
60,0,83,23,723.452
61,0,83,23,788.769
61,0,83,23,854.401
61,1,83,23,923.659
61,1,83,23,997.201
61,1,83,23,1079.19
61,1,83,23,1167.7
61,1,83,23,1256.37
62,2,83,23,1349.06
62,2,83,23,1447.45
62,2,83,23,1555.52
62,2,83,23,1663.97
62,2,83,23,1778.52
62,2,83,23,1907.31
62,3,83,23,2032.27
63,3,83,23,2169.27
63,3,83,23,2305.05
63,3,83,23,2445.62
63,3,83,23,2588.68
63,3,83,23,2735.72
63,4,83,23,2911.91
63,4,83,23,3099.22
64,4,83,23,3283.73
64,4,83,23,3459.27
64,4,83,23,3647.91
64,5,83,23,3850.63
64,5,83,23,4040.45
64,5,83,23,4254.53
64,5,83,23,4501.19
65,5,83,23,4753.47
65,5,83,23,5043.75
65,6,83,23,5304.29
65,6,83,23,5566.82
65,6,83,23,5813.05
65,6,83,23,6086.26
65,6,83,23,6365.57
66,7,83,23,6667.34
66,7,83,23,7007.83
66,7,83,23,7353.05
66,7,83,23,7732.98
66,7,83,23,8187.55
66,7,83,23,8580.77
66,8,83,23,8982.14
67,8,83,23,9312.13
67,8,83,23,9618.39
67,8,83,23,9854.67
67,8,83,23,10084.8
67,9,83,23,10489.8
67,9,83,23,11024.7
67,9,83,23,11466.5
68,9,83,23,12003.4
68,9,83,23,12423.2
68,10,83,23,12863.3
68,10,83,23,13285.1
68,10,83,23,13824.7
68,10,83,23,14464.5
68,10,83,23,15022.7
68,10,83,23,15570
69,11,83,23,16264.7
69,11,83,23,17084.2
69,11,83,23,17553.1
69,11,83,23,18064.3
69,11,83,23,18461.4
69,12,83,23,18838.7
69,12,83,23,19406.1
70,12,83,23,20196.3
70,12,83,23,21046.8
70,12,83,23,21718.2
70,13,83,23,22323.6
70,13,83,23,22961.6
70,13,83,23,23689.2
70,13,83,23,24523.2
71,13,83,23,25143.3
71,13,83,23,25769.2
71,14,83,23,26403.6
71,14,83,23,27105.4
71,14,83,23,27962.6
71,14,83,23,28549
71,14,83,23,29166
71,15,83,23,29888.3
72,15,83,23,30730
72,15,83,23,31498.9
72,15,83,23,31930.8
72,15,83,23,32237
72,16,83,23,32538.5
72,16,83,23,33085.3
72,16,83,23,33555
73,16,83,23,34228.4
73,16,83,23,34925.9
73,16,83,23,35018.2
73,17,83,23,35594.9
73,17,83,23,36079.3
73,17,83,23,34849
73,17,83,23,34571.1
73,17,83,23,35608
74,18,83,23,35959.4
74,18,83,23,36824.8
74,18,83,23,37580.3
74,18,83,23,38322.4
74,18,83,23,38945.5
74,19,83,23,39072.2
74,19,83,23,39776.4
74,19,83,23,40205.8
75,19,83,23,41170.4
75,19,83,23,42070.6
75,20,83,23,42323.9
75,20,83,23,43076.4
75,20,83,23,43970.5
75,20,83,23,45156.1
75,20,83,23,46682.7
76,21,83,23,47294.4
76,21,83,23,47482.5
76,21,83,23,47419.9
76,21,83,23,47631.9
76,21,83,23,47642.8
76,22,83,23,47620.3
76,22,83,23,48595.5
76,22,83,23,48477.1
77,22,83,23,49738.4
77,22,83,23,51269.5
77,22,83,23,52125.5
77,23,83,23,52473.2
77,23,83,23,52865
77,23,83,23,53490
77,23,83,23,54030.3
78,23,83,23,54235.9
78,24,83,23,54856.1
78,24,83,23,55603
78,24,83,23,56127.9
78,24,83,23,56940.9
78,24,83,23,57972.1
78,25,83,23,58199.1
78,25,83,23,58902.6
79,25,83,23,59436.5
79,25,83,23,59377.2
79,25,83,23,59955.1
79,26,83,23,60890.7
79,26,83,23,61066.3
79,26,83,23,61003.6
79,26,83,23,61255.5
79,26,83,23,61588.4
80,27,83,23,62049
80,27,83,23,62518.3
80,27,83,23,63595.9
80,27,83,23,64052.6
80,27,83,23,64692.8
80,28,83,23,64884.1
80,28,83,23,65937.9
81,28,83,23,66149.2
81,28,83,23,67228.6
81,28,83,23,67762.5
81,29,83,23,67935
81,29,83,23,68211.9
81,29,83,23,68052.1
81,29,83,23,68629.2
81,29,83,23,69173
82,30,83,23,68655.8
82,30,83,23,69063.8
82,30,83,23,68993.9
82,30,83,23,69185.8
82,30,83,23,70000.8
82,31,83,23,69994.8
82,31,83,23,70310.9
83,31,83,23,71173.9
83,31,83,23,71672.9
83,31,83,23,71454.6
83,32,83,23,72019.8
83,32,83,23,73062.1
83,32,83,23,73393.8
83,32,83,23,73702.6
84,32,83,23,73837.8
84,33,83,23,74725.4
84,33,83,23,74967.3
84,33,83,23,75119.6
84,33,83,23,75021.3
84,33,83,23,75178.1
84,34,83,23,75390.2
84,34,83,23,75384.3
85,34,83,23,76063.4
85,34,83,23,76388.5
85,34,83,23,75963.4
85,35,83,23,75549.2
85,35,83,23,76863.4
85,35,83,23,76532.7
85,35,83,23,77244
86,35,83,23,77051.8
86,36,83,23,76426.3
86,36,83,23,76767.2
86,36,83,23,76727
86,36,83,23,76209.6
86,36,83,23,75398.4
86,37,83,23,75362.4
87,37,83,23,75231.2
87,37,83,23,75885.3
87,37,83,23,76600.2
87,37,83,23,76910.9
87,38,83,23,76721.1
87,38,83,23,77895.2
87,38,83,23,78416.6
88,38,83,23,77787.1
88,38,83,23,77575
88,39,83,23,78517.7
88,39,83,23,79316.1
88,39,83,23,79969
88,39,83,23,80436.4
88,39,83,23,80835
89,40,83,23,81567.8
89,40,83,23,81277
89,40,83,23,81517
89,40,83,23,80763.1
89,40,83,23,81207.7
89,41,83,23,81819.9
89,41,83,23,83354.8
90,41,83,23,82496.5
90,41,83,23,82590.2
90,41,83,23,82218.1
90,42,83,23,82859.2
90,42,83,23,83159.7
90,42,83,23,83206.3
91,42,83,23,84518.6
91,42,83,23,84380.7
91,43,83,23,84920.4
91,43,83,23,84181.4
91,43,83,23,85062.8
91,43,83,23,85060
91,43,83,23,86141.8
92,44,83,23,84952.5
92,44,83,23,86678.4
92,44,83,23,86344.4
92,44,83,23,86377.9
92,44,83,23,86913.6
92,45,83,23,86541.3
93,45,83,23,87102.8
93,45,83,23,87231.2
93,45,83,23,86523.7
93,45,83,23,87697.4
93,46,83,23,88525
93,46,83,23,86991.4
94,46,83,23,86695.7
94,46,83,23,87314.8
94,46,83,23,87198.2
94,47,83,23,88535
94,47,83,23,88240.5
94,47,83,23,88900.3
95,47,83,23,88521.3
95,47,83,23,87984.7
95,48,83,23,88437.4
95,48,83,23,88799
95,48,83,23,88917.5
95,48,83,23,89809.3
96,48,83,23,90274.3
96,49,83,23,91173.5
96,49,83,23,90846
96,49,83,23,90914.2
96,49,83,23,91590.1
96,49,83,23,91669
97,50,83,23,91776.5
97,50,83,23,92058.8
97,50,83,23,91392.3
97,50,83,23,91558.1
97,50,83,23,91738.5
98,51,83,23,90819.3
98,51,83,23,91980.9
98,51,83,23,91278.4
98,51,83,23,90650.3
98,51,83,23,91611.1
98,52,83,23,91589.9
99,52,83,23,91161.6
99,52,83,23,91813.4
99,52,83,23,91502.3
99,52,83,23,90721.7
99,52,83,23,92400.3
100,53,83,23,92315.5
100,53,83,23,92483.5
100,53,83,23,93254.5
100,53,83,23,92349
100,53,83,23,92526.1
101,54,83,23,92922.5
101,54,83,23,93066.8
101,54,83,23,94447.8
101,54,83,23,92796
101,54,83,23,94794.8
102,55,83,23,94823.7
102,55,83,23,94406.1
102,55,83,23,94409.6
102,55,83,23,94004.3
103,55,83,23,93550.5
103,56,83,23,93992.6
103,56,83,23,93770.3
103,56,83,23,93489.9
103,56,83,23,93621.1
104,56,83,23,94179.5
104,57,83,23,93754.9
104,57,83,23,95292.9
104,57,83,23,94513.7
105,57,83,23,95792.1
105,57,83,23,95784.5
105,58,83,23,95698.9
105,58,83,23,95960.3
106,58,83,23,96224.5
106,58,83,23,96363.8
106,58,83,23,97029.4
106,59,83,23,96577.3
106,59,83,23,96709.8
107,59,83,23,96544.3
107,59,83,23,96517.8
107,59,83,23,97147.6
107,59,83,23,96695
108,60,83,23,96807
108,60,83,23,96683.6
108,60,83,23,96921.7
109,60,83,23,97315.8
109,60,83,23,97085.1
109,61,83,23,97103.3
109,61,83,23,97348.6
110,61,83,23,97106.5
110,61,83,23,97101.4
110,61,83,23,96822.8
110,62,83,23,97278.6
111,62,83,23,97047.5
111,62,83,23,96985.3
111,62,83,23,97716
112,62,83,23,97371.1
112,62,83,23,97170.2
112,63,83,23,98941.6
113,63,83,23,98384.5
113,63,83,23,98258.5
113,63,83,23,98937
113,63,83,23,98453.3
114,64,83,23,97649.5
114,64,83,23,98008.9
114,64,83,23,97203.3
115,64,83,23,98163.4
115,64,83,23,97919
115,64,83,23,98897.7
116,65,83,23,99024.7
116,65,83,23,97686.6
116,65,83,23,97231.3
117,65,83,23,96964
117,65,83,23,98511.8
118,66,83,23,99126
118,66,83,23,99163.5
118,66,83,23,98611.2
119,66,83,23,99587.6
119,66,83,23,99142.3
119,66,83,23,98922.3
120,67,83,23,99152.8
120,67,83,23,98875
121,67,83,23,99416.1
121,67,83,23,99168.2
121,67,83,23,99485.8
122,67,83,23,100178
122,68,83,23,99683.5
123,68,83,23,99980.1
123,68,83,23,99260.3
123,68,83,23,100591
124,68,83,23,99376.7
124,68,83,23,99572.2
125,69,83,23,99649.8
125,69,83,23,98540.6
126,69,83,23,98586.2
126,69,83,23,99079.7
127,69,83,23,99539.6
127,69,83,23,99251.5
128,70,83,23,99807.9
128,70,83,23,99790.4
129,70,83,23,98581.7
129,70,83,23,100180
130,70,83,23,100545
130,70,83,23,100125
131,71,83,23,101844
131,71,83,23,99880.8
132,71,83,23,99276.4
132,71,83,23,98896.6
133,71,83,23,100630
133,71,83,23,99105.5
134,71,83,23,101860
135,72,83,23,101225
135,72,83,23,99126.3
136,72,83,23,96729.9
136,72,83,23,97760.9
137,72,83,23,101008
138,72,83,23,100843
138,72,83,23,99919.8
139,72,83,23,99555.4
140,73,83,23,102291
140,73,83,23,99418.7
141,73,83,23,99377.8
142,73,83,23,99218.4
142,73,83,23,97707.1
143,73,83,23,102064
144,73,83,23,98147.1
144,73,83,23,97528.1
145,74,83,23,98650.6
146,74,83,23,101130
147,74,83,23,98909.8
147,74,83,23,100183
148,74,83,23,98597.7
149,74,83,23,97174.4
150,74,83,23,100547
150,74,83,23,101372
151,74,83,23,101175
152,75,83,23,100455
153,75,83,23,100373
154,75,83,23,100574
155,75,83,23,102397
155,75,83,23,101095
156,75,83,23,98684.8
157,75,83,23,100568
158,75,83,23,103996
159,75,83,23,101476
160,75,83,23,100464
161,75,83,23,101000
162,75,83,23,101162
162,75,83,23,102625
163,75,83,23,102495
164,76,83,23,101101
165,76,83,23,100227
166,76,83,23,100797
167,76,83,23,103571
168,76,83,23,101935
169,76,83,23,102685
170,76,83,23,103335
171,76,83,23,102358
172,76,83,23,103591
173,76,83,23,100977
174,76,83,23,100461
175,76,83,23,101158
176,76,83,23,102416
177,76,83,23,100674
178,76,83,23,100598
179,76,83,23,100434
180,76,83,23,100543
181,76,83,23,100507
182,76,83,23,100524
183,76,83,23,99565.2
184,76,83,23,98244.2
185,76,83,23,99204.9
186,76,83,23,99884.6
186,76,83,23,98791.1
187,76,83,23,97735.8
188,76,83,23,99308.4
189,76,83,23,98551.6
190,76,83,23,98154.5
191,76,83,23,96739.1
192,76,83,23,99051.1
193,76,83,23,98528.6
194,76,83,23,100646
195,76,83,23,100154
196,75,83,23,101177
197,75,83,23,100433
198,75,83,23,100299
199,75,83,23,100645
200,75,83,23,100046
200,75,83,23,99982
201,75,83,23,99086.3
202,75,83,23,99528.7
203,75,83,23,99315.1
204,75,83,23,99495.2
205,75,83,23,99661.7
206,75,83,23,98577.4
206,75,83,23,98164.4
207,74,83,23,98862.6
208,74,83,23,98258.8
209,74,83,23,98192.1
210,74,83,23,97286.4
210,74,83,23,98886.4
211,74,83,23,100882
212,74,83,23,97581.4
213,74,83,23,98626.6
213,74,83,23,98512.7
214,74,83,23,97881.5
215,73,83,23,100694
216,73,83,23,101479
216,73,83,23,99939.3
217,73,83,23,99667.1
218,73,83,23,99771.8
218,73,83,23,99916.9
219,73,83,23,101109
220,73,83,23,99774.2
220,72,83,23,99130.8
221,72,83,23,98627.1
222,72,83,23,100000
222,72,83,23,99460.4
223,72,83,23,98674.3
223,72,83,23,101008
224,72,83,23,102553
225,71,83,23,101185
225,71,83,23,99845.2
226,71,83,23,101095
226,71,83,23,100594
227,71,83,23,100694
227,71,83,23,100432
228,71,83,23,100766
228,70,83,23,100159
229,70,83,23,100684
230,70,83,23,100277
230,70,83,23,99195.9
231,70,83,23,99976.2
231,70,83,23,99687.8
232,70,83,23,99402.7
232,69,83,23,98528.3
233,69,83,23,100603
233,69,83,23,102182
233,69,83,23,102349
234,69,83,23,100973
234,69,83,23,99707.2
235,68,83,23,99974
235,68,83,23,98789.1
236,68,83,23,100690
236,68,83,23,97662.1
237,68,83,23,94270.5
237,68,83,23,98283.4
237,67,83,23,99641.4
238,67,83,23,99963.9
238,67,83,23,96982.3
239,67,83,23,100600
239,67,83,23,99969.4
239,67,83,23,98742.9
240,66,83,23,100871
240,66,83,23,98300.1
241,66,83,23,98868.8
241,66,83,23,98614.5
241,66,83,23,98818.8
242,66,83,23,94794.8
242,65,83,23,96335.9
242,65,83,23,94864.5
243,65,83,23,99501.2
243,65,83,23,97204.4
243,65,83,23,96326.7
244,64,83,23,98304.6
244,64,83,23,99685.3
244,64,83,23,99794.6
245,64,83,23,96945.9
245,64,83,23,96877.4
245,64,83,23,95199.3
246,63,83,23,95080.3
246,63,83,23,96632
246,63,83,23,92838.5
247,63,83,23,91413.5
247,63,83,23,94087
247,62,83,23,95755.1
247,62,83,23,98004
248,62,83,23,98340.4
248,62,83,23,99567
248,62,83,23,97501
249,61,83,23,98103.6
249,61,83,23,99098.5
249,61,83,23,98666.4
249,61,83,23,98241.3
250,61,83,23,92404.7
250,61,83,23,93198.4
250,60,83,23,93818.5
251,60,83,23,97643
251,60,83,23,96875.9
251,60,83,23,100266
251,60,83,23,98395.6
252,59,83,23,90645.3
252,59,83,23,94095.7
252,59,83,23,96154.9
252,59,83,23,95446
253,59,83,23,95649.8
253,58,83,23,93707.4
253,58,83,23,100721
253,58,83,23,98704.1
254,58,83,23,97135.5
254,58,83,23,97570.1
254,58,83,23,97652
254,57,83,23,97216.5
255,57,83,23,97038.5
255,57,83,23,98257
255,57,83,23,98495.9
255,57,83,23,96773.2
255,56,83,23,96718.4
256,56,83,23,96903.9
256,56,83,23,95036.3
256,56,83,23,96210
256,56,83,23,96956.6
257,55,83,23,98123.7
257,55,83,23,97089.9
257,55,83,23,95468.3
257,55,83,23,86005.6
257,55,83,23,89730
258,54,83,23,92183.6
258,54,83,23,94287.3
258,54,83,23,94572.4
258,54,83,23,93347.1
258,54,83,23,89479.6
259,53,83,23,92908.3
259,53,83,23,94615.1
259,53,83,23,92325.5
259,53,83,23,91181.8
259,53,83,23,91200.1
260,52,83,23,94022.4
260,52,83,23,94297.9
260,52,83,23,95625.8
260,52,83,23,95347.5
260,52,83,23,95086.6
261,51,83,23,92892.1
261,51,83,23,88120.8
261,51,83,23,86929.9
261,51,83,23,89281.1
261,51,83,23,89292.3
262,50,83,23,88690.5
262,50,83,23,88854.4
262,50,83,23,87354
262,50,83,23,86989.8
262,50,83,23,89821.6
262,49,83,23,92813.6
263,49,83,23,89902.4
263,49,83,23,90075.7
263,49,83,23,90674.4
263,49,83,23,89750.2
263,48,83,23,89645.1
263,48,83,23,88923.3
264,48,83,23,88737
264,48,83,23,88009.6
264,48,83,23,87450.2
264,47,83,23,88230
264,47,83,23,88288.8
265,47,83,23,87779.4
265,47,83,23,87235.9
265,47,83,23,86332.1
265,46,83,23,84582.3
265,46,83,23,84448.5
265,46,83,23,84896.9
266,46,83,23,85843.2
266,46,83,23,85378.1
266,45,83,23,85821.5
266,45,83,23,85114.9
266,45,83,23,83787.9
266,45,83,23,85331.8
266,45,83,23,83975.9
267,44,83,23,85090.3
267,44,83,23,85693.6
267,44,83,23,84197.1
267,44,83,23,82595.1
267,44,83,23,83467.5
267,43,83,23,82505.9
268,43,83,23,82534.9
268,43,83,23,83061.3
268,43,83,23,80593.6
268,43,83,23,79808.9
268,42,83,23,82067.7
268,42,83,23,81403.6
269,42,83,23,81358.9
269,42,83,23,83130.1
269,42,83,23,80132.1
269,41,83,23,77855.4
269,41,83,23,78988.8
269,41,83,23,75952.4
269,41,83,23,76876.3
270,41,83,23,77776
270,40,83,23,76754.6
270,40,83,23,74594.7
270,40,83,23,74975.4
270,40,83,23,76512.1
270,40,83,23,75684.2
270,39,83,23,74454.4
271,39,83,23,77504.5
271,39,83,23,77180.7
271,39,83,23,75613.8
271,39,83,23,78640.2
271,38,83,23,78102.5
271,38,83,23,77529.7
271,38,83,23,75734.5
272,38,83,23,74905.2
272,38,83,23,76298.2
272,37,83,23,72865.8
272,37,83,23,73240.3
272,37,83,23,73798.9
272,37,83,23,74919.4
272,37,83,23,74190.1
273,36,83,23,73563
273,36,83,23,73401
273,36,83,23,74612.5
273,36,83,23,75910.4
273,36,83,23,75908.9
273,35,83,23,75362.9
273,35,83,23,74538.6
274,35,83,23,74806.1
274,35,83,23,74508.1
274,35,83,23,74480.2
274,34,83,23,73806.2
274,34,83,23,73512.6
274,34,83,23,72801.5
274,34,83,23,72452.7
275,34,83,23,71373.8
275,33,83,23,69687.8
275,33,83,23,68815.9
275,33,83,23,68142.5
275,33,83,23,67801.3
275,33,83,23,67830
275,33,83,23,66846.5
276,32,83,23,67517.5
276,32,83,23,67295.8
276,32,83,23,66594.1
276,32,83,23,65711.5
276,32,83,23,66015.2
276,31,83,23,65696.1
276,31,83,23,64160.8
277,31,83,23,63609.9
277,31,83,23,63042.5
277,31,83,23,63107.3
277,30,83,23,62746.3
277,30,83,23,62827.7
277,30,83,23,61045.7
277,30,83,23,61194.1
277,30,83,23,58708.8
278,29,83,23,47474.3
278,29,83,23,49769
278,29,83,23,47770.7
278,29,83,23,50521.4
278,29,83,23,55649.6
278,28,83,23,57791
278,28,83,23,55451
279,28,83,23,56126.1
279,28,83,23,55847.1
279,28,83,23,55665.2
279,27,83,23,54875.9
279,27,83,23,55167.5
279,27,83,23,54648.3
279,27,83,23,53711.4
279,27,83,23,53517.3
280,26,83,23,53387.4
280,26,83,23,52698.7
280,26,83,23,52557.7
280,26,83,23,52400.2
280,26,83,23,52201.3
280,25,83,23,51286.4
280,25,83,23,51024.5
280,25,83,23,51121.5
281,25,83,23,50248.5
281,25,83,23,49467.3
281,24,83,23,49005.6
281,24,83,23,48336.7
281,24,83,23,47597.2
281,24,83,23,47612.6
281,24,83,23,46783.6
282,23,83,23,46032.3
282,23,83,23,44898.6
282,23,83,23,44660.1
282,23,83,23,44326.9
282,23,83,23,42861.4
282,22,83,23,42239.5
282,22,83,23,39098.7
282,22,83,23,39337.5
283,22,83,23,40477.8
283,22,83,23,41088.4
283,21,83,23,40515.2
283,21,83,23,39452.5
283,21,83,23,38623.6
283,21,83,23,38547.7
283,21,83,23,38981.1
284,20,83,23,37432.9
284,20,83,23,37075.5
284,20,83,23,38245.3
284,20,83,23,37644.1
284,20,83,23,37297.1
284,20,83,23,35347
284,19,83,23,32289.7
284,19,83,23,35253.4
285,19,83,23,34614.7
285,19,83,23,33636.7
285,19,83,23,33266
285,18,83,23,32880.1
285,18,83,23,32456.9
285,18,83,23,31325.3
285,18,83,23,32302.4
285,18,83,23,31848.8
286,17,83,23,29741
286,17,83,23,30613.3
286,17,83,23,30212.4
286,17,83,23,29448.3
286,17,83,23,28356.2
286,16,83,23,27888.9
286,16,83,23,26972.3
287,16,83,23,26632.9
287,16,83,23,26003
287,16,83,23,24576.4
287,15,83,23,24631.4
287,15,83,23,24563.6
287,15,83,23,24138.9
287,15,83,23,23984.7
287,15,83,23,23287.5
288,15,83,23,22775.6
288,14,83,23,21157
288,14,83,23,21241.8
288,14,83,23,20047.6
288,14,83,23,18223.1
288,14,83,23,18955.6
288,13,83,23,17576.9
289,13,83,23,16729
289,13,83,23,17162
289,13,83,23,16578.4
289,13,83,23,16471.4
289,12,83,23,16404.1
289,12,83,23,15919.7
289,12,83,23,15844.2
289,12,83,23,15551
290,12,83,23,14897.5
290,12,83,23,14508.3
290,11,83,23,14059.4
290,11,83,23,13261.5
290,11,83,23,13187
290,11,83,23,12399.9
290,11,83,23,11712.4
291,10,83,23,11326.9
291,10,83,23,10665.7
291,10,83,23,10118.5
291,10,83,23,9549.37
291,10,83,23,8288.83
291,9,83,23,7152
291,9,83,23,6519.33
292,9,83,23,6217.9
292,9,83,23,5923.7
292,9,83,23,5650.35
292,9,83,23,5424.24
292,8,83,23,5221.45
292,8,84,23,5009.66
292,8,84,23,4814.36
292,8,84,23,4599.33
293,8,84,23,4406.09
293,7,84,23,4226.67
293,7,84,23,4057.59
293,7,84,23,3860.88
293,7,84,23,3688.88
293,7,84,23,3525.77
293,7,84,23,3371.02
294,6,84,23,3207.46
294,6,84,23,3008.28
294,6,84,23,2833.46
294,6,84,23,2691.08
294,6,84,23,2573.68
294,5,84,23,2456.41
294,5,84,23,2326.81
295,5,84,23,2200.39
295,5,84,23,2064.8
295,5,84,23,1953.95
295,5,84,23,1867.69
295,4,84,23,1754.78
295,4,84,23,1635.63
295,4,84,23,1519.9
296,4,84,23,1411.7
296,4,84,23,1312.06
296,3,84,23,1211.58
296,3,84,23,1129.16
296,3,84,23,1071.21
296,3,84,23,1031.55
296,3,84,23,974.915
297,3,84,23,902.077
297,2,84,23,842.237
297,2,84,23,784.925
297,2,84,23,724.966
297,2,84,23,656.641
297,2,84,23,585.629
297,1,84,23,528.738
298,1,84,23,478.31
298,1,84,23,424.073
298,1,84,23,373.752
298,1,84,23,331.479
298,1,84,23,294.024
298,0,84,23,259.678
299,0,84,23,230.788
299,0,84,23,205.224
299,0,84,23,182.656
299,0,84,23,161.149
299,0,84,23,142.233
299,0,84,23,124.635
299,0,84,23,108.119
300,0,84,23,94.6259
300,0,84,23,82.6463
300,0,84,23,71.3995
300,0,84,23,62.5662
300,-1,84,23,54.8753
300,-1,84,23,48.0208
300,-1,84,23,41.3328
301,-1,84,23,34.7478
301,-1,84,23,28.8018
301,-2,84,23,23.8497
301,-2,84,23,19.7468
76,-16,178,0,0.0291655
76,-16,178,0,0.0303339
76,-15,178,0,0.0330094
76,-15,178,0,0.0315416
76,-15,178,0,0.031423
77,-15,178,0,0.0306593
77,-15,178,0,0.0326033
77,-14,178,0,0.0322874
77,-14,178,0,0.0322123
77,-14,178,0,0.0308363
77,-14,178,0,0.0332579
78,-14,178,0,0.031899
78,-13,178,0,0.0330468
78,-13,178,0,0.0334996
78,-13,178,0,0.0333175
78,-13,178,0,0.0331286
78,-13,178,0,0.0349234
79,-12,178,0,0.0350181
79,-12,178,0,0.0369448
79,-12,178,0,0.037278
79,-12,178,0,0.0367095
79,-12,178,0,0.0398916
79,-11,178,0,0.0429859
79,-11,178,0,0.045914
80,-11,178,0,0.050053
80,-11,178,0,0.0550052
80,-11,178,0,0.055359
80,-11,178,0,0.0626889
80,-10,178,0,0.0715195
80,-10,178,0,0.0829705
81,-10,178,0,0.0954757
81,-10,178,0,0.109021
81,-10,178,0,0.128972
81,-9,178,0,0.152621
81,-9,178,0,0.183417
81,-9,178,0,0.220417
82,-9,178,0,0.267893
82,-9,178,0,0.327743
82,-8,178,0,0.397562
82,-8,178,0,0.486855
82,-8,178,0,0.598272
82,-8,178,0,0.737576
82,-8,178,0,0.908124
83,-7,178,0,1.12646
83,-7,178,0,1.39609
83,-7,178,0,1.73451
83,-7,178,0,2.15911
83,-7,178,0,2.69407
83,-6,178,0,3.37469
84,-6,178,0,4.23965
84,-6,178,0,5.34765
84,-6,178,0,6.75618
84,-6,178,0,8.56318
84,-5,178,0,10.8467
84,-5,178,0,13.7742
84,-5,178,0,17.4844
85,-5,178,0,22.1672
85,-5,178,0,28.0905
85,-4,178,0,35.4712
85,-4,178,0,44.6828
85,-4,178,0,56.0477
85,-4,178,0,69.9845
85,-4,178,0,86.844
86,-3,178,0,106.988
86,-3,178,0,130.491
86,-3,178,0,157.371
86,-3,178,0,187.988
86,-3,178,0,226.702
86,-2,178,0,266.377
87,-2,178,0,310.081
87,-2,178,0,362.428
87,-2,178,0,415.533
87,-2,178,0,474.501
87,-1,178,0,545.638
87,-1,178,0,618.668
87,-1,178,0,699.554
88,-1,178,0,789.185
88,-1,178,0,902.094
88,0,178,0,1012.32
88,0,178,0,1127.72
88,0,178,0,1253.08
88,0,178,0,1390.45
89,0,178,0,1522.94
89,0,178,0,1655.64
89,0,178,0,1818.67
89,0,178,0,1990.32
89,0,178,0,2166.33
89,0,178,0,2337.38
89,1,178,0,2526.5
90,1,178,0,2714.89
90,1,178,0,2909.86
90,1,178,0,3108.12
90,1,178,0,3335.63
90,2,178,0,3546.76
90,2,178,0,3766.23
90,2,178,0,3996.79
91,2,178,0,4250.93
91,2,178,0,4503.69
91,3,178,0,5550.4
91,3,178,0,10724.1
91,3,178,0,14047.6
91,3,178,0,16106.9
92,3,178,0,19212.7
92,4,178,0,20734.9
92,4,178,0,22220.4
92,4,178,0,23716.3
92,4,178,0,25337.1
92,4,178,0,27083.2
92,5,178,0,28557.9
93,5,178,0,29887.8
93,5,178,0,31208.6
93,5,178,0,32422.4
93,5,178,0,33653.1
93,6,178,0,34800.8
93,6,178,0,35881.6
93,6,178,0,36936.1
94,6,178,0,38059.4
94,6,178,0,39183.4
94,7,178,0,40391.1
94,7,178,0,41611.8
94,7,178,0,42628
94,7,178,0,43617.8
95,7,178,0,44540.4
95,8,178,0,45472.4
95,8,178,0,46539.6
95,8,178,0,47718.2
95,8,178,0,49077.4
95,8,178,0,50268.5
95,9,178,0,51379.7
96,9,178,0,52317.5
96,9,178,0,53165.4
96,9,178,0,54053.9
96,9,178,0,55115.7
96,10,178,0,56266.4
96,10,178,0,58227.7
97,10,178,0,59893.2
97,10,178,0,61732
97,10,178,0,63043.7
97,11,178,0,64356.5
97,11,178,0,65636.3
97,11,178,0,66779.4
97,11,178,0,68084.1
98,11,178,0,69414.8
98,12,178,0,70579.4
98,12,178,0,71561.8
98,12,178,0,72437.2
98,12,178,0,73425.9
98,12,178,0,74202.1
99,13,178,0,74886.3
99,13,178,0,75746.7
99,13,178,0,76635.8
99,13,178,0,77730.1
99,13,178,0,78395.5
99,14,178,0,78966.8
100,14,178,0,79862.5
100,14,178,0,80484.5
100,14,178,0,81341.5
100,14,178,0,82173.1
100,15,178,0,83289.7
100,15,178,0,84171.2
100,15,178,0,84573.4
101,15,178,0,85238.9
101,15,178,0,85638.6
101,16,178,0,85940.5
101,16,178,0,86130.6
101,16,178,0,86747.7
101,16,178,0,87014.8
102,16,178,0,87519.4
102,17,178,0,87770.8
102,17,178,0,88342.7
102,17,178,0,88706.9
102,17,178,0,89011.3
102,17,178,0,89274.4
103,17,178,0,89603.4
103,18,178,0,89925.4
103,18,178,0,90544.3
103,18,178,0,90817.7
103,18,178,0,91512.6
103,18,178,0,91932
104,19,178,0,92423
104,19,178,0,92812.9
104,19,178,0,93455.9
104,19,178,0,93778.4
104,19,178,0,93971.8
104,20,178,0,94307.8
105,20,178,0,94234.1
105,20,178,0,95019.7
105,20,178,0,95621.4
105,20,178,0,95612.5
105,21,178,0,96234.2
105,21,178,0,96739.5
106,21,178,0,97227
106,21,178,0,97677.7
106,21,178,0,98551
106,22,178,0,98859.2
106,22,178,0,99225.1
106,22,178,0,99589.4
107,22,178,0,99636.7
107,22,178,0,100106
107,22,178,0,100602
107,23,178,0,101069
107,23,178,0,100977
108,23,178,0,101293
108,23,178,0,101514
108,23,178,0,101758
108,24,178,0,101602
108,24,178,0,101783
108,24,178,0,101960
109,24,178,0,102002
109,24,178,0,101969
109,25,178,0,102257
109,25,178,0,102727
109,25,178,0,103088
110,25,178,0,102812
110,25,178,0,102869
110,26,178,0,102750
110,26,178,0,103329
110,26,178,0,103477
110,26,178,0,103590
111,26,178,0,103413
111,26,178,0,103560
111,27,178,0,103131
111,27,178,0,103471
111,27,178,0,103943
112,27,178,0,103814
112,27,178,0,104222
112,28,178,0,104785
112,28,178,0,104476
112,28,178,0,104818
113,28,178,0,104364
113,28,178,0,104392
113,28,178,0,104415
113,29,178,0,104583
113,29,178,0,104162
114,29,178,0,104150
114,29,178,0,104194
114,29,178,0,104199
114,30,178,0,104029
114,30,178,0,104644
114,30,178,0,104567
115,30,178,0,105104
115,30,178,0,105177
115,30,178,0,105484
115,31,178,0,105754
115,31,178,0,105698
116,31,178,0,105734
116,31,178,0,106112
116,31,178,0,106480
116,32,178,0,106470
117,32,178,0,106892
117,32,178,0,106858
117,32,178,0,107190
117,32,178,0,107143
117,32,178,0,107534
118,33,178,0,107473
118,33,178,0,107931
118,33,178,0,108241
118,33,178,0,108203
118,33,178,0,108267
119,34,178,0,108090
119,34,178,0,108004
119,34,178,0,108141
119,34,178,0,107844
120,34,178,0,107848
120,34,178,0,108035
120,35,178,0,107928
120,35,178,0,107874
120,35,178,0,108345
121,35,178,0,108901
121,35,178,0,108706
121,35,178,0,108949
121,36,178,0,108858
122,36,178,0,109183
122,36,178,0,109212
122,36,178,0,109521
122,36,178,0,109732
122,36,178,0,110597
123,37,178,0,108693
123,37,178,0,108679
123,37,178,0,108848
123,37,178,0,106234
124,37,178,0,107047
124,37,178,0,108360
124,38,178,0,109480
124,38,178,0,110557
125,38,178,0,108670
125,38,178,0,109641
125,38,178,0,109586
125,38,178,0,107655
126,39,178,0,93771.5
126,39,178,0,109190
126,39,178,0,108768
126,39,178,0,109397
127,39,178,0,109000
127,39,178,0,107921
127,40,178,0,109693
127,40,178,0,109728
128,40,178,0,106657
128,40,178,0,108146
128,40,178,0,108285
128,40,178,0,109817
129,40,178,0,86212.2
129,41,178,0,89246.4
129,41,178,0,100669
129,41,178,0,105334
130,41,178,0,107116
130,41,178,0,108453
130,41,178,0,105792
130,42,178,0,105660
131,42,178,0,106637
131,42,178,0,106073
131,42,178,0,103842
132,42,178,0,106922
132,42,178,0,36102.9
132,42,178,0,103131
132,43,178,0,58318.5
133,43,178,0,31528.8
133,43,178,0,92297.9
133,43,178,0,58350.3
133,43,178,0,45106
134,43,178,0,108214
134,43,178,0,112134
134,44,178,0,110411
135,44,178,0,108454
135,44,178,0,111281
135,44,178,0,110471
135,44,178,0,108012
136,44,178,0,110821
136,44,178,0,110786
136,45,178,0,113108
137,45,178,0,111701
137,45,178,0,112647
137,45,178,0,112097
138,45,178,0,113786
138,45,178,0,112430
138,45,178,0,113438
138,45,178,0,111784
139,46,178,0,114128
139,46,178,0,112748
139,46,178,0,112680
140,46,178,0,111856
140,46,178,0,111436
140,46,178,0,109235
141,46,178,0,109722
141,47,178,0,111226
141,47,178,0,107879
142,47,178,0,108964
142,47,178,0,114128
142,47,178,0,112580
143,47,178,0,113701
143,47,178,0,111914
143,47,178,0,111473
144,47,178,0,110031
144,48,178,0,108973
144,48,178,0,108972
145,48,178,0,109572
145,48,178,0,110381
145,48,178,0,109423
146,48,178,0,108469
146,48,178,0,108139
146,48,178,0,108493
147,48,178,0,109673
147,49,178,0,111609
147,49,178,0,113594
148,49,178,0,114930
148,49,178,0,115003
148,49,178,0,113952
149,49,178,0,113039
149,49,178,0,112904
149,49,178,0,113188
150,49,178,0,113148
150,50,178,0,113840
150,50,178,0,112880
151,50,178,0,113846
151,50,178,0,113921
152,50,178,0,114204
152,50,178,0,114119
152,50,178,0,112674
153,50,178,0,112053
153,50,178,0,110735
153,50,178,0,110518
154,50,178,0,109825
154,51,178,0,108557
154,51,178,0,109469
155,51,178,0,110865
155,51,178,0,111346
156,51,178,0,111320
156,51,178,0,111882
156,51,178,0,110698
157,51,178,0,111615
157,51,178,0,111667
158,51,178,0,111924
158,51,178,0,111862
158,51,178,0,112450
159,51,178,0,111517
159,52,178,0,109986
159,52,178,0,110336
160,52,178,0,110950
160,52,178,0,111311
161,52,178,0,112176
161,52,178,0,111739
161,52,178,0,112469
162,52,178,0,112962
162,52,178,0,113403
163,52,178,0,113348
163,52,178,0,113600
163,52,178,0,112951
164,52,178,0,112787
164,52,178,0,113229
165,52,178,0,114139
165,52,178,0,114291
165,52,178,0,113569
166,53,178,0,113242
166,53,178,0,113240
167,53,178,0,112476
167,53,178,0,112262
168,53,178,0,112485
168,53,178,0,111621
168,53,178,0,112288
169,53,178,0,110222
169,53,178,0,111431
170,53,178,0,111828
170,53,178,0,111533
170,53,178,0,111156
171,53,178,0,111350
171,53,178,0,111459
172,53,178,0,111853
172,53,178,0,110023
173,53,178,0,109838
173,53,178,0,108534
173,53,178,0,110334
174,53,178,0,111943
174,53,178,0,110040
175,53,178,0,112209
175,53,178,0,112941
175,53,178,0,113188
176,53,178,0,113993
176,53,178,0,113391
177,53,178,0,114495
177,53,178,0,114917
178,53,178,0,114422
178,53,178,0,114895
178,53,178,0,114638
179,53,178,0,114400
179,53,178,0,113360
180,53,178,0,112990
180,53,178,0,112259
181,53,178,0,112303
181,53,178,0,112371
181,53,178,0,112706
182,53,178,0,112555
182,53,178,0,112390
183,53,178,0,112471
183,53,178,0,112438
184,53,178,0,112935
184,53,178,0,113126
184,53,178,0,112923
185,53,178,0,113075
185,53,178,0,112861
186,53,178,0,112848
186,53,178,0,112526
186,53,178,0,112587
187,53,178,0,112901
187,53,178,0,112982
188,53,178,0,113008
188,53,178,0,112980
189,53,178,0,112565
189,53,178,0,111906
189,53,178,0,112411
190,53,178,0,112354
190,53,178,0,113076
191,53,178,0,113511
191,53,178,0,114078
191,53,178,0,114068
192,53,178,0,114207
192,53,178,0,113707
193,53,178,0,113426
193,53,178,0,113056
193,52,178,0,112584
194,52,178,0,112401
194,52,178,0,112404
195,52,178,0,112488
195,52,178,0,112465
196,52,178,0,112900
196,52,178,0,113265
196,52,178,0,113780
197,52,178,0,112995
197,52,178,0,112222
198,52,178,0,113539
198,52,178,0,112571
198,52,178,0,110824
199,52,178,0,111443
199,52,178,0,111679
199,52,178,0,110847
200,52,178,0,111255
200,51,178,0,111535
201,51,178,0,112302
201,51,178,0,112185
201,51,178,0,111984
202,51,178,0,111612
202,51,178,0,111860
203,51,178,0,111768
203,51,178,0,111506
203,51,178,0,111585
204,51,178,0,111291
204,51,178,0,111745
204,51,178,0,111177
205,51,178,0,109862
205,50,178,0,110001
206,50,178,0,110240
206,50,178,0,110434
206,50,178,0,110658
207,50,178,0,111542
207,50,178,0,111064
207,50,178,0,110564
208,50,178,0,111585
208,50,178,0,112555
209,50,178,0,111823
209,49,178,0,111409
209,49,178,0,110377
210,49,178,0,110719
210,49,178,0,110592
210,49,178,0,110665
211,49,178,0,110197
211,49,178,0,109179
211,49,178,0,109899
212,49,178,0,110585
212,49,178,0,110736
212,48,178,0,111306
213,48,178,0,111443
213,48,178,0,111810
213,48,178,0,110997
214,48,178,0,111016
214,48,178,0,111390
214,48,178,0,112019
215,48,178,0,112010
215,48,178,0,112550
215,47,178,0,112536
216,47,178,0,112438
216,47,178,0,112402
216,47,178,0,112079
217,47,178,0,111169
217,47,178,0,111588
217,47,178,0,110826
218,47,178,0,111067
218,46,178,0,110595
218,46,178,0,111087
219,46,178,0,111275
219,46,178,0,111268
219,46,178,0,111138
220,46,178,0,111672
220,46,178,0,111285
220,46,178,0,111941
220,45,178,0,110591
221,45,178,0,109795
221,45,178,0,109330
221,45,178,0,109474
222,45,178,0,110107
222,45,178,0,109192
222,45,178,0,109138
223,45,178,0,109976
223,44,178,0,110009
223,44,178,0,110015
223,44,178,0,110635
224,44,178,0,108915
224,44,178,0,109108
224,44,178,0,108858
225,44,178,0,109627
225,43,178,0,109837
225,43,178,0,110100
225,43,178,0,109591
226,43,178,0,109184
226,43,178,0,109684
226,43,178,0,110150
227,43,178,0,110042
227,42,178,0,110037
227,42,178,0,109765
227,42,178,0,109028
228,42,178,0,109152
228,42,178,0,108553
228,42,178,0,108877
228,41,178,0,108868
229,41,178,0,108650
229,41,178,0,108276
229,41,178,0,108264
230,41,178,0,109296
230,41,178,0,109669
230,41,178,0,110574
230,40,178,0,110521
231,40,178,0,109892
231,40,178,0,109242
231,40,178,0,109205
231,40,178,0,109887
232,40,178,0,109862
232,39,178,0,109982
232,39,178,0,109752
232,39,178,0,109767
233,39,178,0,110964
233,39,178,0,111758
233,39,178,0,112230
233,39,178,0,111641
234,38,178,0,112064
234,38,178,0,112290
234,38,178,0,111372
234,38,178,0,111057
235,38,178,0,110791
235,38,178,0,110305
235,37,178,0,110486
235,37,178,0,110673
236,37,178,0,110397
236,37,178,0,109938
236,37,178,0,108613
236,37,178,0,108856
236,36,178,0,108692
237,36,178,0,109230
237,36,178,0,109136
237,36,178,0,109094
237,36,178,0,109577
238,36,178,0,109459
238,35,178,0,108947
238,35,178,0,108544
238,35,178,0,108482
239,35,178,0,107749
239,35,178,0,107562
239,34,178,0,107447
239,34,178,0,107324
239,34,178,0,107272
240,34,178,0,107133
240,34,178,0,107054
240,34,178,0,106667
240,33,178,0,106341
240,33,178,0,106678
241,33,178,0,106654
241,33,178,0,106328
241,33,178,0,106430
241,33,178,0,106484
242,32,178,0,106276
242,32,178,0,106249
242,32,178,0,105678
242,32,178,0,105031
242,32,178,0,104329
243,31,178,0,104217
243,31,178,0,103634
243,31,178,0,101679
243,31,178,0,100963
243,31,178,0,100306
244,31,178,0,100538
244,30,178,0,99924.9
244,30,178,0,99663.5
244,30,178,0,98966.5
244,30,178,0,99470.2
245,30,178,0,99604.1
245,30,178,0,99637.1
245,29,178,0,100318
245,29,178,0,100527
245,29,178,0,100241
246,29,178,0,99928
246,29,178,0,99977.9
246,28,178,0,99756.5
246,28,178,0,98984.2
246,28,178,0,98490.8
247,28,178,0,98149.3
247,28,178,0,97606.2
247,27,178,0,97273.7
247,27,178,0,96208.7
247,27,178,0,95823.3
248,27,178,0,94719.2
248,27,178,0,94370
248,27,178,0,94242.6
248,26,178,0,94709.6
248,26,178,0,93854.5
248,26,178,0,93249.2
249,26,178,0,93448.4
249,26,178,0,93144.4
249,25,178,0,93084.7
249,25,178,0,92271.7
249,25,178,0,91938.9
250,25,178,0,91622.5
250,25,178,0,91357.1
250,25,178,0,90872.9
250,24,178,0,90914.6
250,24,178,0,90161.9
250,24,178,0,89563.8
251,24,178,0,89200.4
251,24,178,0,88336.1
251,23,178,0,87168.8
251,23,178,0,86798.3
251,23,178,0,86732.5
252,23,178,0,85822.1
252,23,178,0,84941.3
252,22,178,0,83995.3
252,22,178,0,84073.7
252,22,178,0,82661.7
252,22,178,0,81893.6
253,22,178,0,81802.5
253,21,178,0,82002.8
253,21,178,0,81193.9
253,21,178,0,80542.7
253,21,178,0,80032
253,21,178,0,80055.1
254,20,178,0,78914.5
254,20,178,0,78881.9
254,20,178,0,78519
254,20,178,0,77990.6
254,20,178,0,77056.4
254,20,178,0,76584.7
255,19,178,0,75453.4
255,19,178,0,74217.5
255,19,178,0,73758.4
255,19,178,0,73791
255,19,178,0,73741.4
255,18,178,0,73231.7
256,18,178,0,71887.9
256,18,178,0,70962.7
256,18,178,0,70141.5
256,18,178,0,69004.1
256,17,178,0,67873.7
256,17,178,0,67039.9
257,17,178,0,66747.5
257,17,178,0,66009.8
257,17,178,0,65671.8
257,16,178,0,65428.3
257,16,178,0,64941.5
257,16,178,0,64059.5
258,16,178,0,63516.1
258,16,178,0,62738.2
258,15,178,0,61919.1
258,15,178,0,61239.2
258,15,178,0,61092
258,15,178,0,60907.1
259,15,178,0,60464.2
259,14,178,0,59491.6
259,14,178,0,59018.2
259,14,178,0,58484.5
259,14,178,0,57489.4
259,14,178,0,56420.8
260,13,178,0,55344.7
260,13,178,0,54455.4
260,13,178,0,53498.6
260,13,178,0,52112.6
260,13,178,0,50544.5
260,12,178,0,49202.4
260,12,178,0,48002.8
261,12,178,0,47057
261,12,178,0,45898.8
261,12,178,0,44422.1
261,11,178,0,43075.5
261,11,178,0,41843.3
261,11,178,0,40895.4
262,11,178,0,40044.7
262,11,178,0,39185.7
262,11,178,0,38154.2
262,10,178,0,37044.7
262,10,178,0,35594.4
262,10,178,0,34354.3
262,10,178,0,32801.7
263,10,178,0,31427.3
263,9,178,0,29977.2
263,9,178,0,28487.9
263,9,178,0,26966.8
263,9,178,0,25753.6
263,9,178,0,24879.6
264,8,178,0,23895
264,8,178,0,22678
264,8,178,0,21370.5
264,8,178,0,20270.5
264,8,178,0,19225
264,7,178,0,18033.8
264,7,178,0,16912.6
265,7,178,0,15888.3
265,7,178,0,14776.4
265,7,178,0,13633
265,6,178,0,12422.9
265,6,178,0,11391.8
265,6,178,0,10492.9
266,6,178,0,9575.53
266,6,178,0,7951.63
266,5,178,0,7016.23
266,5,178,0,5606.08
266,5,178,0,3784.38
266,5,178,0,3438.83
266,5,178,0,3228.52
267,4,178,0,3026.77
267,4,178,0,2811.5
267,4,178,0,2627.17
267,4,178,0,2447.55
267,4,178,0,2280.71
267,3,178,0,2103.68
267,3,178,0,1952.27
268,3,178,0,1808.06
268,3,178,0,1666.71
268,3,178,0,1523.99
268,2,178,0,1401.34
268,2,178,0,1285.84
268,2,178,0,1173
269,2,178,0,1061.2
269,2,178,0,964.917
269,1,178,0,874.165
269,1,178,0,779.253
269,1,178,0,698.859
269,1,178,0,621.446
269,1,178,0,550.652
270,0,178,0,483.368
270,0,178,0,425.07
270,0,178,0,373.492
270,0,178,0,324.551
270,0,178,0,281.934
270,0,178,0,243.163
270,0,178,0,206.308
271,0,178,0,175.418
271,0,178,0,146.411
271,0,178,0,122.828
271,-1,178,0,100.521
271,-1,178,0,82.0901
271,-1,178,0,66.2143
272,-1,178,0,53.0832
272,-1,178,0,42.3865
272,-2,178,0,33.6458
272,-2,178,0,26.564
272,-2,178,0,20.8636
272,-2,178,0,16.3393
272,-2,178,0,12.7961
273,-3,178,0,10.0097
273,-3,178,0,7.83442
273,-3,178,0,6.1602
273,-3,178,0,4.85747
273,-3,178,0,3.84858
273,-4,178,0,3.05551
273,-4,178,0,2.44152
274,-4,178,0,1.95535
274,-4,178,0,1.56768
274,-4,178,0,1.2606
274,-5,178,0,1.01381
274,-5,178,0,0.819801
274,-5,178,0,0.661935
275,-5,178,0,0.534397
275,-5,178,0,0.432223
275,-6,178,0,0.344875
275,-6,178,0,0.274782
275,-6,178,0,0.221298
275,-6,178,0,0.183371
275,-6,178,0,0.150364
276,-7,178,0,0.123075
276,-7,178,0,0.101358
276,-7,178,0,0.0850678
276,-7,178,0,0.0733535
276,-7,178,0,0.0626117
276,-8,178,0,0.0537129
277,-8,178,0,0.0456489
277,-8,178,0,0.0394867
277,-8,178,0,0.0366124
277,-8,178,0,0.0327816
277,-9,178,0,0.0311186
277,-9,178,0,0.0273216
277,-9,178,0,0.0256014
278,-9,178,0,0.029057
278,-9,178,0,0.0241371
278,-10,178,0,0.0262871
278,-10,178,0,0.026045
278,-10,178,0,0.0262242
278,-10,178,0,0.0267148
279,-10,178,0,0.0264358
279,-11,178,0,0.0267978
279,-11,178,0,0.0282875
279,-11,178,0,0.027212
279,-11,178,0,0.0258046
279,-11,178,0,0.0261068
279,-12,178,0,0.0267786
280,-12,178,0,0.0271005
280,-12,178,0,0.0267766
280,-12,178,0,0.0255427
280,-12,178,0,0.0245171
280,-13,178,0,0.0254084
280,-13,178,0,0.0249494
281,-13,178,0,0.0265704
281,-13,178,0,0.0248956
281,-13,178,0,0.0268099
281,-14,178,0,0.0255252
281,-14,178,0,0.0267172
281,-14,178,0,0.0271628
282,-14,178,0,0.0264682
282,-14,178,0,0.0269471
282,-15,178,0,0.026205
282,-15,178,0,0.0245042
282,-15,178,0,0.0258323
282,-15,178,0,0.0267877
283,-15,178,0,0.0273234
283,-16,178,0,0.0260871
283,-16,178,0,0.0280486
283,-16,178,0,0.0256322
283,-16,178,0,0.0273888
283,-16,178,0,0.0260151
283,-17,178,0,0.0282053
284,-17,178,0,0.02952
284,-17,178,0,0.0289364
284,-17,178,0,0.028869
284,-17,178,0,0.0277684
284,-17,178,0,0.0297917
284,-18,178,0,0.0289078
285,-18,178,0,0.0299131
285,-18,178,0,0.0285878
94,-26,231,-18,0.0243496
94,-25,231,-18,0.0221381
94,-25,231,-18,0.0241199
94,-25,231,-18,0.0225103
95,-25,231,-18,0.0225154
95,-25,231,-18,0.0235035
95,-24,231,-18,0.021764
95,-24,231,-18,0.0230792
95,-24,231,-18,0.022031
95,-24,231,-18,0.0244322
95,-24,231,-18,0.0208027
96,-23,231,-18,0.0212398
96,-23,231,-18,0.0233758
96,-23,231,-18,0.0236364
96,-23,231,-18,0.0242696
96,-23,231,-18,0.0226767
96,-22,231,-18,0.0217723
96,-22,231,-18,0.0227971
97,-22,231,-18,0.0219715
97,-22,231,-18,0.022116
97,-22,231,-18,0.0222535
97,-21,231,-18,0.0223979
97,-21,231,-18,0.0220521
97,-21,231,-18,0.0222698
97,-21,231,-18,0.022103
98,-21,231,-18,0.0219975
98,-20,231,-18,0.0229972
98,-20,231,-18,0.0247043
98,-20,231,-18,0.0230042
98,-20,231,-18,0.0214262
98,-20,231,-18,0.0227867
98,-19,231,-18,0.0221742
99,-19,231,-18,0.0213992
99,-19,231,-18,0.0214307
99,-19,231,-18,0.0231017
99,-19,231,-18,0.0231689
99,-18,231,-18,0.0221411
99,-18,231,-18,0.0239378
99,-18,231,-18,0.0202828
100,-18,231,-18,0.0214687
100,-18,231,-18,0.0226655
100,-17,231,-18,0.0216696
100,-17,231,-18,0.0217707
100,-17,231,-18,0.0240222
100,-17,231,-18,0.0216473
100,-17,231,-18,0.0242202
100,-16,231,-18,0.0223987
101,-16,231,-18,0.0213531
101,-16,231,-18,0.0222903
101,-16,231,-18,0.0240888
101,-16,231,-18,0.0226167
101,-15,231,-18,0.02242
101,-15,231,-18,0.0218926
101,-15,231,-18,0.0228103
102,-15,231,-18,0.0231522
102,-15,231,-18,0.0231908
102,-14,231,-18,0.0220133
102,-14,231,-18,0.0236831
102,-14,231,-18,0.0227555
102,-14,231,-18,0.023982
102,-14,231,-18,0.0225076
103,-14,231,-18,0.0238143
103,-13,231,-18,0.0233514
103,-13,231,-18,0.024684
103,-13,231,-18,0.0249034
103,-13,231,-18,0.0257406
103,-13,231,-18,0.0239638
103,-12,231,-18,0.0250452
104,-12,231,-18,0.0234892
104,-12,231,-18,0.0247379
104,-12,231,-18,0.0241435
104,-12,231,-18,0.025441
104,-11,231,-18,0.0245926
104,-11,231,-18,0.0245579
104,-11,231,-18,0.0251994
104,-11,231,-18,0.0251615
105,-11,231,-18,0.0250682
105,-10,231,-18,0.024752
105,-10,231,-18,0.0245852
105,-10,231,-18,0.0259013
105,-10,231,-18,0.0267878
105,-10,231,-18,0.0251437
105,-9,231,-18,0.0251934
106,-9,231,-18,0.0245851
106,-9,231,-18,0.0260706
106,-9,231,-18,0.0253563
106,-9,231,-18,0.0252126
106,-8,231,-18,0.0252157
106,-8,231,-18,0.0256299
106,-8,231,-18,0.0258207
107,-8,231,-18,0.0251399
107,-8,231,-18,0.0249718
107,-8,231,-18,0.0248338
107,-7,231,-18,0.0321734
107,-7,231,-18,0.0257781
107,-7,231,-18,0.0264176
107,-7,231,-18,0.0259492
108,-7,231,-18,0.0273891
108,-6,231,-18,0.0265136
108,-6,231,-18,0.0270856
108,-6,231,-18,0.0274942
108,-6,231,-18,0.0267097
108,-6,231,-18,0.0292475
108,-5,231,-18,0.0279632
109,-5,231,-18,0.0269435
109,-5,231,-18,0.0300517
109,-5,231,-18,0.0306315
109,-5,231,-18,0.0560709
109,-5,231,-18,0.0311293
109,-4,231,-18,0.0333504
109,-4,231,-18,0.0327155
110,-4,231,-18,0.0374075
110,-4,231,-18,0.0371009
110,-4,231,-18,0.0385175
110,-3,231,-18,0.0420286
110,-3,231,-18,0.0489298
110,-3,231,-18,0.0509002
110,-3,231,-18,0.0537308
111,-3,231,-18,0.0602741
111,-2,231,-18,0.0683408
111,-2,231,-18,0.077905
111,-2,231,-18,0.0898543
111,-2,231,-18,0.103847
111,-2,231,-18,0.121589
112,-2,231,-18,0.146794
112,-1,231,-18,0.17407
112,-1,231,-18,0.207698
112,-1,231,-18,0.249366
112,-1,231,-18,0.301619
112,-1,231,-18,0.366237
112,0,231,-18,0.441598
113,0,231,-18,0.541341
113,0,231,-18,0.661941
113,0,231,-18,0.807661
113,0,231,-18,0.995893
113,0,231,-18,1.22782
113,0,231,-18,1.51463
113,0,231,-18,1.87121
114,0,231,-18,2.31513
114,0,231,-18,2.87676
114,0,231,-18,3.57539
114,1,231,-18,4.46868
114,1,231,-18,5.5814
114,1,231,-18,6.98744
115,1,231,-18,8.75879
115,1,231,-18,10.9921
115,2,231,-18,13.7868
115,2,231,-18,17.2575
115,2,231,-18,21.5854
115,2,231,-18,26.9563
115,2,231,-18,33.5695
116,2,231,-18,41.6561
116,3,231,-18,51.379
116,3,231,-18,62.8568
116,3,231,-18,76.3434
116,3,231,-18,92.1643
116,3,231,-18,110.613
117,3,231,-18,131.834
117,4,231,-18,155.936
117,4,231,-18,182.916
117,4,231,-18,215.987
117,4,231,-18,248.918
117,4,231,-18,284.967
117,5,231,-18,327.6
118,5,231,-18,370.313
118,5,231,-18,416.939
118,5,231,-18,468.155
118,5,231,-18,529.224
118,5,231,-18,591.113
118,6,231,-18,659.113
119,6,231,-18,733.563
119,6,231,-18,825.693
119,6,231,-18,915.683
119,6,231,-18,1011.42
119,6,231,-18,1119.15
119,7,231,-18,1227.82
120,7,231,-18,1351.69
120,7,231,-18,1482
120,7,231,-18,1610.52
120,7,231,-18,1742.16
120,8,231,-18,1879.17
120,8,231,-18,2041.02
121,8,231,-18,2188.38
121,8,231,-18,2340.6
121,8,231,-18,2509.71
121,8,231,-18,2675.68
121,9,231,-18,2848.68
121,9,231,-18,3053.96
122,9,231,-18,3242.46
122,9,231,-18,3433.32
122,9,231,-18,3621.75
122,9,231,-18,3827.27
122,10,231,-18,4018.74
122,10,231,-18,5924.46
123,10,231,-18,8919.01
123,10,231,-18,10670.4
123,10,231,-18,11947.9
123,10,231,-18,13557.3
123,11,231,-18,14530.3
123,11,231,-18,15436.8
124,11,231,-18,16385.1
124,11,231,-18,17299.4
124,11,231,-18,18143.2
124,11,231,-18,19033.5
124,12,231,-18,19998.8
124,12,231,-18,20888.5
125,12,231,-18,21921
125,12,231,-18,22816.8
125,12,231,-18,23772.7
125,12,231,-18,24585.1
125,13,231,-18,25147.8
125,13,231,-18,26025.4
126,13,231,-18,26889.6
126,13,231,-18,27926.8
126,13,231,-18,28954.6
126,13,231,-18,29826.1
126,13,231,-18,30816.7
127,14,231,-18,31758
127,14,231,-18,32772.8
127,14,231,-18,33752.7
127,14,231,-18,34629.1
127,14,231,-18,35672.5
127,14,231,-18,36526.7
128,15,231,-18,37259.5
128,15,231,-18,38094
128,15,231,-18,39065.3
128,15,231,-18,40137.4
128,15,231,-18,41168.8
129,15,231,-18,42473.7
129,16,231,-18,43680.8
129,16,231,-18,45065.4
129,16,231,-18,46128.3
129,16,231,-18,47521.7
130,16,231,-18,48787.5
130,16,231,-18,49940.7
130,16,231,-18,51078.2
130,17,231,-18,51774.5
130,17,231,-18,52468.8
130,17,231,-18,53120.6
131,17,231,-18,53786.2
131,17,231,-18,54714.2
131,17,231,-18,55465.7
131,18,231,-18,56209.7
131,18,231,-18,56864.2
132,18,231,-18,57630.5
132,18,231,-18,58499.3
132,18,231,-18,58742.8
132,18,231,-18,59314.2
132,18,231,-18,59905.3
133,19,231,-18,60513.5
133,19,231,-18,60935.4
133,19,231,-18,61318.3
133,19,231,-18,61853.6
133,19,231,-18,62390.5
134,19,231,-18,62804.3
134,19,231,-18,63529.2
134,20,231,-18,64051.7
134,20,231,-18,64788.4
134,20,231,-18,65664.5
135,20,231,-18,66372.5
135,20,231,-18,66778.7
135,20,231,-18,67593.8
135,20,231,-18,68117.8
135,21,231,-18,68343.1
136,21,231,-18,68480.4
136,21,231,-18,69284.9
136,21,231,-18,69915.2
136,21,231,-18,69485.2
136,21,231,-18,69893.4
137,21,231,-18,70459.7
137,22,231,-18,70907
137,22,231,-18,71388.8
137,22,231,-18,71638.3
138,22,231,-18,72057
138,22,231,-18,72346.7
138,22,231,-18,72841.7
138,22,231,-18,72954.2
138,22,231,-18,73119.7
139,23,231,-18,73284.5
139,23,231,-18,73570.5
139,23,231,-18,73865.8
139,23,231,-18,74255.4
139,23,231,-18,74256.3
140,23,231,-18,74431.4
140,23,231,-18,74675.9
140,23,231,-18,74739.8
140,24,231,-18,75115.1
141,24,231,-18,76043.1
141,24,231,-18,76908.9
141,24,231,-18,77406.4
141,24,231,-18,76983.9
141,24,231,-18,76941.1
142,24,231,-18,77891.4
142,24,231,-18,77407.4
142,25,231,-18,78369.7
142,25,231,-18,78585.1
143,25,231,-18,78845.5
143,25,231,-18,78665.1
143,25,231,-18,78610.5
143,25,231,-18,78771.5
143,25,231,-18,79175
144,25,231,-18,79860.9
144,26,231,-18,80168.2
144,26,231,-18,80197.6
144,26,231,-18,80260.6
145,26,231,-18,80479.1
145,26,231,-18,80860.1
145,26,231,-18,81488
145,26,231,-18,81505
146,26,231,-18,82186.7
146,26,231,-18,82495.2
146,27,231,-18,82680.2
146,27,231,-18,82806.5
146,27,231,-18,82695.4
147,27,231,-18,82796.6
147,27,231,-18,82795.9
147,27,231,-18,82646.8
147,27,231,-18,82935.3
148,27,231,-18,83288
148,27,231,-18,83559.8
148,28,231,-18,83806.5
148,28,231,-18,84460
149,28,231,-18,84353.2
149,28,231,-18,84874.9
149,28,231,-18,84793.3
149,28,231,-18,85088.2
150,28,231,-18,85068
150,28,231,-18,85318.4
150,28,231,-18,85867.4
150,28,231,-18,85722.4
151,29,231,-18,85724.7
151,29,231,-18,85738.4
151,29,231,-18,85528.1
151,29,231,-18,85691.9
152,29,231,-18,85724.2
152,29,231,-18,85834.8
152,29,231,-18,86147.2
152,29,231,-18,86468
153,29,231,-18,86802.8
153,29,231,-18,87077.6
153,29,231,-18,87333.3
153,30,231,-18,87741.8
154,30,231,-18,87704.1
154,30,231,-18,87914.7
154,30,231,-18,88156.4
154,30,231,-18,88217.3
155,30,231,-18,88067.2
155,30,231,-18,88471.3
155,30,231,-18,88509.6
155,30,231,-18,88375.8
156,30,231,-18,88415.7
156,30,231,-18,88566.2
156,30,231,-18,88483.6
156,31,231,-18,88299.6
157,31,231,-18,88480.6
157,31,231,-18,88484.1
157,31,231,-18,89247.6
157,31,231,-18,88984.7
158,31,231,-18,89319.9
158,31,231,-18,89199.8
158,31,231,-18,89339.2
159,31,231,-18,89109.2
159,31,231,-18,89273.8
159,31,231,-18,88817.9
159,31,231,-18,89380.2
160,31,231,-18,89143.5
160,31,231,-18,89727.9
160,32,231,-18,90208.1
160,32,231,-18,90376.5
161,32,231,-18,90545.8
161,32,231,-18,90304
161,32,231,-18,90660.5
161,32,231,-18,90099.3
162,32,231,-18,89947.3
162,32,231,-18,89871.9
162,32,231,-18,89707.8
163,32,231,-18,89477.4
163,32,231,-18,89537.8
163,32,231,-18,90094.4
163,32,231,-18,90149.7
164,32,231,-18,90382.5
164,32,231,-18,90295.6
164,32,231,-18,90244.9
164,33,231,-18,90980.9
165,33,231,-18,90889.7
165,33,231,-18,90911.9
165,33,231,-18,91130.4
166,33,231,-18,91284.9
166,33,231,-18,91081.2
166,33,231,-18,91592.6
166,33,231,-18,91930.9
167,33,231,-18,91743.8
167,33,231,-18,91980.5
167,33,231,-18,92331.5
168,33,231,-18,91573.2
168,33,231,-18,91981.9
168,33,231,-18,92457.6
168,33,231,-18,92855
169,33,231,-18,92544.6
169,33,231,-18,92554.3
169,33,231,-18,92675.3
169,33,231,-18,92706.1
170,33,231,-18,92579.2
170,33,231,-18,92672.9
170,33,231,-18,92911.1
171,33,231,-18,92958.5
171,33,231,-18,93213
171,33,231,-18,93581.8
171,33,231,-18,93609.8
172,34,231,-18,93177.4
172,34,231,-18,93189.5
172,34,231,-18,93184.7
173,34,231,-18,92875.6
173,34,231,-18,92928
173,34,231,-18,93008
173,34,231,-18,92749.1
174,34,231,-18,93035.2
174,34,231,-18,93475.2
174,34,231,-18,93302.4
175,34,231,-18,93027.2
175,34,231,-18,92824.4
175,34,231,-18,92866.1
175,34,231,-18,92565.2
176,34,231,-18,92570.6
176,34,231,-18,92418.3
176,34,231,-18,92252.8
177,34,231,-18,91901.3
177,34,231,-18,92002.5
177,34,231,-18,92288.4
177,34,231,-18,93108.1
178,34,231,-18,92689.3
178,34,231,-18,92848.3
178,34,231,-18,93035
179,34,231,-18,92979.4
179,34,231,-18,92987.2
179,34,231,-18,93067.9
179,34,231,-18,93356.9
180,34,231,-18,93405.7
180,34,231,-18,93106.1
180,34,231,-18,92920.4
181,34,231,-18,93064
181,34,231,-18,92841.6
181,34,231,-18,93688.7
181,34,231,-18,94389.4
182,34,231,-18,94501.5
182,34,231,-18,94830.7
182,34,231,-18,95057.4
183,34,231,-18,94985.7
183,34,231,-18,95467.1
183,34,231,-18,95951.4
183,34,231,-18,96151
184,34,231,-18,95792.5
184,34,231,-18,96029.2
184,34,231,-18,96476.5
185,34,231,-18,96292.8
185,34,231,-18,96347.3
185,34,231,-18,96203.5
185,34,231,-18,96270.4
186,34,231,-18,96058.8
186,34,231,-18,95957.9
186,34,231,-18,95769.3
187,34,231,-18,96083.1
187,34,231,-18,95569.2
187,34,231,-18,95690.9
187,33,231,-18,96328.9
188,33,231,-18,95961
188,33,231,-18,95770.2
188,33,231,-18,95797.3
189,33,231,-18,96050.6
189,33,231,-18,96256.5
189,33,231,-18,96288.6
189,33,231,-18,96688.4
190,33,231,-18,96746.6
190,33,231,-18,96733.3
190,33,231,-18,96445.8
191,33,231,-18,96247.7
191,33,231,-18,96162.2
191,33,231,-18,96193.1
191,33,231,-18,96212.2
192,33,231,-18,96166.1
192,33,231,-18,96083.3
192,33,231,-18,95480.7
193,33,231,-18,95306.4
193,33,231,-18,95011.6
193,33,231,-18,94991.4
193,33,231,-18,94777.3
194,33,231,-18,94943.2
194,33,231,-18,94791.4
194,33,231,-18,94818.1
194,32,231,-18,94780.7
195,32,231,-18,94694.8
195,32,231,-18,94835.5
195,32,231,-18,94668.1
196,32,231,-18,94131.9
196,32,231,-18,95208.7
196,32,231,-18,95391.9
196,32,231,-18,94945.8
197,32,231,-18,94055.1
197,32,231,-18,93628.9
197,32,231,-18,94008.9
197,32,231,-18,93524.1
198,32,231,-18,93701
198,32,231,-18,93532.2
198,32,231,-18,93454.1
199,32,231,-18,93438.7
199,32,231,-18,94013.2
199,31,231,-18,93619.6
199,31,231,-18,93404.4
200,31,231,-18,94085.9
200,31,231,-18,94483.3
200,31,231,-18,94495.6
200,31,231,-18,95302.7
201,31,231,-18,95873.9
201,31,231,-18,95678.8
201,31,231,-18,95279.4
201,31,231,-18,95731.1
202,31,231,-18,94854.3
202,31,231,-18,95132.5
202,31,231,-18,94816.3
203,31,231,-18,95407.8
203,30,231,-18,94546.8
203,30,231,-18,94587.7
203,30,231,-18,95040
204,30,231,-18,95458.6
204,30,231,-18,95575.3
204,30,231,-18,95635.5
204,30,231,-18,94999.3
205,30,231,-18,94671.2
205,30,231,-18,95883.8
205,30,231,-18,96422.3
205,30,231,-18,96547.8
206,30,231,-18,95991
206,29,231,-18,96010.1
206,29,231,-18,95351.8
206,29,231,-18,95629.4
207,29,231,-18,95014.1
207,29,231,-18,94108.4
207,29,231,-18,93825.8
207,29,231,-18,93808.5
208,29,231,-18,94234.3
208,29,231,-18,92580.4
208,29,231,-18,91411.9
208,29,231,-18,91404
209,28,231,-18,90159.6
209,28,231,-18,89210.7
209,28,231,-18,88730.1
209,28,231,-18,88306.6
210,28,231,-18,88323.1
210,28,231,-18,88167
210,28,231,-18,88027.5
210,28,231,-18,88082
211,28,231,-18,88848.1
211,28,231,-18,88794.3
211,27,231,-18,88769
211,27,231,-18,88307.6
212,27,231,-18,88398.1
212,27,231,-18,88118.6
212,27,231,-18,88550.5
212,27,231,-18,88485.3
212,27,231,-18,88609.2
213,27,231,-18,88646.3
213,27,231,-18,88398.1
213,26,231,-18,88318.5
213,26,231,-18,87754.5
214,26,231,-18,88079.1
214,26,231,-18,87996.6
214,26,231,-18,87301.3
214,26,231,-18,86107.4
215,26,231,-18,87799.1
215,26,231,-18,87994.3
215,26,231,-18,87452.1
215,25,231,-18,86923.4
215,25,231,-18,86625.6
216,25,231,-18,85964.3
216,25,231,-18,86700.5
216,25,231,-18,87243.6
216,25,231,-18,86732.9
217,25,231,-18,86251
217,25,231,-18,86282.5
217,24,231,-18,85249.6
217,24,231,-18,85649.3
218,24,231,-18,85986.7
218,24,231,-18,85547.7
218,24,231,-18,84928
218,24,231,-18,84986.7
218,24,231,-18,84482.8
219,24,231,-18,84175.5
219,23,231,-18,84297.5
219,23,231,-18,84790.5
219,23,231,-18,85257.2
219,23,231,-18,85164.5
220,23,231,-18,85386.2
220,23,231,-18,85489.4
220,23,231,-18,85835.6
220,23,231,-18,84842.2
221,22,231,-18,85011.2
221,22,231,-18,84862
221,22,231,-18,83926.4
221,22,231,-18,83209.1
221,22,231,-18,82715.9
222,22,231,-18,81816.9
222,22,231,-18,82310.1
222,21,231,-18,82346.8
222,21,231,-18,82299.6
222,21,231,-18,81955.7
223,21,231,-18,81489.5
223,21,231,-18,81115.2
223,21,231,-18,80483.7
223,21,231,-18,80366.4
223,21,231,-18,79824.3
224,20,231,-18,78417.4
224,20,231,-18,77668.4
224,20,231,-18,77486.4
224,20,231,-18,77615.7
225,20,231,-18,77077.1
225,20,231,-18,76492
225,20,231,-18,76571.4
225,19,231,-18,76406.3
225,19,231,-18,76201.4
226,19,231,-18,75475.6
226,19,231,-18,74642.5
226,19,231,-18,74342.3
226,19,231,-18,74600
226,19,231,-18,73662
226,18,231,-18,73398.1
227,18,231,-18,72591.2
227,18,231,-18,72415
227,18,231,-18,71161.2
227,18,231,-18,70858.6
227,18,231,-18,71616.5
228,18,231,-18,71043.5
228,17,231,-18,70773.6
228,17,231,-18,70687.6
228,17,231,-18,70692.1
228,17,231,-18,70372.7
229,17,231,-18,70430.4
229,17,231,-18,70398.8
229,16,231,-18,69835.3
229,16,231,-18,69585.5
229,16,231,-18,69802.6
230,16,231,-18,68995.7
230,16,231,-18,68628
230,16,231,-18,68018.2
230,16,231,-18,67448.2
230,15,231,-18,65911
231,15,231,-18,65276.4
231,15,231,-18,65295.6
231,15,231,-18,64598.5
231,15,231,-18,64663.9
231,15,231,-18,64540.7
231,14,231,-18,64213.6
232,14,231,-18,63509.2
232,14,231,-18,63238.2
232,14,231,-18,62967.6
232,14,231,-18,62651.4
232,14,231,-18,62728.6
233,13,231,-18,62765.8
233,13,231,-18,62433.1
233,13,231,-18,62126.4
233,13,231,-18,62044.5
233,13,231,-18,62092
233,13,231,-18,60962.7
234,13,231,-18,60353.5
234,12,231,-18,60185.1
234,12,231,-18,59493.2
234,12,231,-18,59137.3
234,12,231,-18,58811.1
234,12,231,-18,58209.4
235,12,231,-18,57861.4
235,11,231,-18,57259.1
235,11,231,-18,57167.7
235,11,231,-18,56814.3
235,11,231,-18,56582
235,11,231,-18,56417.4
236,11,231,-18,55125.8
236,10,231,-18,54383.3
236,10,231,-18,54221.3
236,10,231,-18,53501.4
236,10,231,-18,52871.5
237,10,231,-18,54051.6
237,10,231,-18,53006.7
237,9,231,-18,52539.2
237,9,231,-18,51948.4
237,9,231,-18,51506.8
237,9,231,-18,51119.2
238,9,231,-18,50740.1
238,9,231,-18,49775.1
238,8,231,-18,49010.6
238,8,231,-18,47965.9
238,8,231,-18,47110.2
238,8,231,-18,46493.3
239,8,231,-18,45650.1
239,8,231,-18,44750
239,7,231,-18,43949.6
239,7,231,-18,43299.4
239,7,231,-18,42575.5
239,7,231,-18,41860.1
240,7,231,-18,41480.4
240,6,231,-18,40884
240,6,231,-18,40161.4
240,6,231,-18,39314.4
240,6,231,-18,38470.5
240,6,231,-18,37592.5
240,6,231,-18,36892.1
241,5,231,-18,35992.2
241,5,231,-18,35015.9
241,5,231,-18,34272.3
241,5,231,-18,33458.2
241,5,231,-18,32599.8
241,5,231,-18,31917.1
242,4,231,-18,31007.6
242,4,231,-18,30326.2
242,4,231,-18,29574.9
242,4,231,-18,29117.5
242,4,231,-18,28643.5
242,3,231,-18,28145.1
243,3,231,-18,27326.5
243,3,231,-18,26239.1
243,3,231,-18,25205.1
243,3,231,-18,24418.7
243,3,231,-18,23324.1
243,2,231,-18,22090.4
243,2,231,-18,21268.6
244,2,231,-18,20937.5
244,2,231,-18,20207.5
244,2,231,-18,19564.3
244,2,231,-18,18939.4
244,1,231,-18,18208.3
244,1,231,-18,17764.2
245,1,231,-18,17084.3
245,1,231,-18,16388.2
245,1,231,-18,15584.1
245,0,231,-18,14760.6
245,0,231,-18,13951.6
245,0,231,-18,13137.1
245,0,231,-18,12454.8
246,0,231,-18,11787.8
246,0,231,-18,11162.5
246,0,231,-18,10496.7
246,0,231,-18,9807.94
246,0,231,-18,9222.1
246,0,231,-18,8785.83
246,0,231,-18,8414.9
247,-1,231,-18,8050.76
247,-1,231,-18,7627.05
247,-1,231,-18,7230.6
247,-1,231,-18,6929.81
247,-1,231,-18,6563.53
247,-2,231,-18,6148.5
248,-2,231,-18,5444.8
248,-2,231,-18,4900.5
248,-2,231,-18,4234.58
248,-2,231,-18,3470.08
248,-2,231,-18,3176.62
248,-3,231,-18,2978.48
248,-3,231,-18,2802.69
249,-3,231,-18,2630.46
249,-3,231,-18,2459.08
249,-3,231,-18,2282.56
249,-4,231,-18,2125.36
249,-4,231,-18,1972.61
249,-4,231,-18,1815.92
249,-4,231,-18,1674.19
250,-4,231,-18,1544.22
250,-5,231,-18,1409.34
250,-5,231,-18,1292.42
250,-5,231,-18,1178.58
250,-5,231,-18,1074.52
250,-5,231,-18,970.183
250,-5,231,-18,879.515
251,-6,231,-18,791.62
251,-6,231,-18,706.422
251,-6,231,-18,632.512
251,-6,231,-18,563.826
251,-6,231,-18,498.152
251,-7,231,-18,440.776
251,-7,231,-18,389.121
252,-7,231,-18,340.902
252,-7,231,-18,300.376
252,-7,231,-18,264.471
252,-8,231,-18,231.305
252,-8,231,-18,203.106
252,-8,231,-18,177.194
252,-8,231,-18,150.757
253,-8,231,-18,128.484
253,-9,231,-18,109.048
253,-9,231,-18,91.0646
253,-9,231,-18,76.467
253,-9,231,-18,63.7068
253,-9,231,-18,52.6496
253,-9,231,-18,43.2141
254,-10,231,-18,35.2294
254,-10,231,-18,28.5507
254,-10,231,-18,23.0027
254,-10,231,-18,18.44
254,-10,231,-18,14.6763
254,-11,231,-18,11.6103
254,-11,231,-18,9.15524
254,-11,231,-18,7.22914
255,-11,231,-18,5.73267
255,-11,231,-18,4.55839
255,-12,231,-18,3.63677
255,-12,231,-18,2.91458
255,-12,231,-18,2.34291
255,-12,231,-18,1.88165
255,-12,231,-18,1.52058
256,-13,231,-18,1.22536
256,-13,231,-18,0.993736
256,-13,231,-18,0.804324
256,-13,231,-18,0.651087
256,-13,231,-18,0.529851
256,-14,231,-18,0.430998
256,-14,231,-18,0.352185
257,-14,231,-18,0.285902
257,-14,231,-18,0.236033
257,-14,231,-18,0.193567
257,-15,231,-18,0.158551
257,-15,231,-18,0.131748
257,-15,231,-18,0.108156
257,-15,231,-18,0.0904235
258,-15,231,-18,0.0757141
258,-15,231,-18,0.0644434
258,-16,231,-18,0.0538861
258,-16,231,-18,0.0460128
258,-16,231,-18,0.0397763
258,-16,231,-18,0.0352882
258,-16,231,-18,0.0290129
259,-17,231,-18,0.0256976
259,-17,231,-18,0.0251083
259,-17,231,-18,0.0203088
259,-17,231,-18,0.0197264
259,-17,231,-18,0.0172204
259,-18,231,-18,0.0176338
259,-18,231,-18,0.0144652
259,-18,231,-18,0.0137932
260,-18,231,-18,0.0132887
260,-18,231,-18,0.0136251
260,-19,231,-18,0.0111956
260,-19,231,-18,0.0111758
260,-19,231,-18,0.00971313
260,-19,231,-18,0.00974092
260,-19,231,-18,0.0098597
261,-20,231,-18,0.0107214
261,-20,231,-18,0.0122742
261,-20,231,-18,0.0099859
261,-20,231,-18,0.00904803
261,-20,231,-18,0.0077784
261,-21,231,-18,0.00759502
261,-21,231,-18,0.00735422
262,-21,231,-18,0.00890731
262,-21,231,-18,0.00941421
262,-21,231,-18,0.00932243
262,-22,231,-18,0.0105409
262,-22,231,-18,0.00748966
262,-22,231,-18,0.00853682
262,-22,231,-18,0.00908161
263,-22,231,-18,0.0168026
263,-23,231,-18,0.0175062
263,-23,231,-18,0.0079859
263,-23,231,-18,0.00904727
263,-23,231,-18,0.00817199
263,-23,231,-18,0.00694545
263,-24,231,-18,0.0091667
264,-24,231,-18,0.00839689
264,-24,231,-18,0.00778428
264,-24,231,-18,0.00718902
264,-24,231,-18,0.00878097
264,-25,231,-18,0.00950631
264,-25,231,-18,0.00813036
264,-25,231,-18,0.00618136
264,-25,231,-18,0.0016009
265,-25,231,-18,0.00362323
265,-26,231,-18,0.00501013
265,-26,231,-18,0.00561916
265,-26,231,-18,0.00434955
265,-26,231,-18,0.0061151
265,-26,231,-18,0.00525102
265,-27,231,-18,0.00717886
266,-27,231,-18,0.00555346
266,-27,231,-18,0.00842383
266,-27,231,-18,0.00806255
266,-27,231,-18,0.0126567
266,-28,231,-18,0.0121671
266,-28,231,-18,0.0161112
266,-28,231,-18,0.0167357
267,-28,231,-18,0.0169425
267,-28,231,-18,0.0146962
267,-29,231,-18,0.0153822
267,-29,231,-18,0.0110535
267,-29,231,-18,0.0111697
267,-29,231,-18,0.0108119
268,-29,231,-18,0.0114013
268,-30,231,-18,0.0138151
268,-30,231,-18,0.0150564
268,-30,231,-18,0.0151801
268,-30,231,-18,0.0185162
268,-30,231,-18,0.0191302
268,-31,231,-18,0.0158609
269,-31,231,-18,0.018669
269,-31,231,-18,0.0156311
269,-31,231,-18,0.0158502
86,-29,321,-15,0.018989
86,-29,321,-15,0.0200254
87,-29,321,-15,0.0200246
87,-29,321,-15,0.0188075
87,-29,321,-15,0.0194237
87,-28,321,-15,0.0178287
87,-28,321,-15,0.0195505
87,-28,321,-15,0.0185469
88,-28,321,-15,0.0202872
88,-28,321,-15,0.0199255
88,-27,321,-15,0.019759
88,-27,321,-15,0.0188087
88,-27,321,-15,0.0184213
88,-27,321,-15,0.0177621
88,-27,321,-15,0.0183613
89,-26,321,-15,0.0190962
89,-26,321,-15,0.018344
89,-26,321,-15,0.0178449
89,-26,321,-15,0.0186339
89,-26,321,-15,0.0200136
89,-25,321,-15,0.0201995
90,-25,321,-15,0.0201036
90,-25,321,-15,0.017517
90,-25,321,-15,0.020257
90,-25,321,-15,0.0202529
90,-24,321,-15,0.0179592
90,-24,321,-15,0.0189585
90,-24,321,-15,0.0207528
91,-24,321,-15,0.019527
91,-24,321,-15,0.0178494
91,-23,321,-15,0.0185105
91,-23,321,-15,0.0185242
91,-23,321,-15,0.0178634
91,-23,321,-15,0.0181768
91,-23,321,-15,0.0176767
92,-22,321,-15,0.017263
92,-22,321,-15,0.0160929
92,-22,321,-15,0.0160852
92,-22,321,-15,0.0176866
92,-22,321,-15,0.0163444
92,-21,321,-15,0.0171493
92,-21,321,-15,0.0163381
93,-21,321,-15,0.0158567
93,-21,321,-15,0.0161011
93,-21,321,-15,0.0148731
93,-20,321,-15,0.0166007
93,-20,321,-15,0.0167554
93,-20,321,-15,0.0157498
93,-20,321,-15,0.0171443
94,-20,321,-15,0.0144714
94,-19,321,-15,0.0150961
94,-19,321,-15,0.0153302
94,-19,321,-15,0.0160871
94,-19,321,-15,0.0150181
94,-19,321,-15,0.0158491
94,-18,321,-15,0.0160431
95,-18,321,-15,0.0151619
95,-18,321,-15,0.015304
95,-18,321,-15,0.0140986
95,-18,321,-15,0.0131873
95,-17,321,-15,0.0145409
95,-17,321,-15,0.0154084
95,-17,321,-15,0.0131867
96,-17,321,-15,0.0131328
96,-17,321,-15,0.0134526
96,-16,321,-15,0.0134035
96,-16,321,-15,0.0139338
96,-16,321,-15,0.0138317
96,-16,321,-15,0.0143578
96,-16,321,-15,0.0128653
97,-16,321,-15,0.0137576
97,-15,321,-15,0.0132766
97,-15,321,-15,0.0149059
97,-15,321,-15,0.0133547
97,-15,321,-15,0.0129011
97,-15,321,-15,0.0144919
97,-14,321,-15,0.0129024
98,-14,321,-15,0.0130042
98,-14,321,-15,0.0124547
98,-14,321,-15,0.0128616
98,-14,321,-15,0.0114749
98,-13,321,-15,0.011709
98,-13,321,-15,0.0131038
98,-13,321,-15,0.0134373
99,-13,321,-15,0.0127098
99,-13,321,-15,0.0125795
99,-12,321,-15,0.0120695
99,-12,321,-15,0.0158894
99,-12,321,-15,0.0130869
99,-12,321,-15,0.0145176
99,-12,321,-15,0.0127624
100,-11,321,-15,0.0131368
100,-11,321,-15,0.0150086
100,-11,321,-15,0.0176892
100,-11,321,-15,0.0190485
100,-11,321,-15,0.020744
100,-10,321,-15,0.0235951
100,-10,321,-15,0.0254112
101,-10,321,-15,0.0304974
101,-10,321,-15,0.0372767
101,-10,321,-15,0.0421579
101,-9,321,-15,0.0515215
101,-9,321,-15,0.0624188
101,-9,321,-15,0.0749633
101,-9,321,-15,0.0899777
102,-9,321,-15,0.108686
102,-8,321,-15,0.136803
102,-8,321,-15,0.168998
102,-8,321,-15,0.212121
102,-8,321,-15,0.260864
102,-8,321,-15,0.327057
102,-7,321,-15,0.410955
103,-7,321,-15,0.51834
103,-7,321,-15,0.649482
103,-7,321,-15,0.815659
103,-7,321,-15,1.02281
103,-6,321,-15,1.28836
103,-6,321,-15,1.62605
103,-6,321,-15,2.04436
104,-6,321,-15,2.58723
104,-6,321,-15,3.27354
104,-5,321,-15,4.14681
104,-5,321,-15,5.25138
104,-5,321,-15,6.65546
104,-5,321,-15,8.43458
104,-5,321,-15,10.6524
105,-5,321,-15,13.4048
105,-4,321,-15,16.7826
105,-4,321,-15,20.8909
105,-4,321,-15,25.8553
105,-4,321,-15,31.8344
105,-4,321,-15,38.9487
106,-3,321,-15,47.4196
106,-3,321,-15,57.3927
106,-3,321,-15,69.1273
106,-3,321,-15,82.7856
106,-3,321,-15,98.4904
106,-2,321,-15,116.33
106,-2,321,-15,136.363
107,-2,321,-15,158.695
107,-2,321,-15,186.06
107,-2,321,-15,213.106
107,-1,321,-15,242.562
107,-1,321,-15,277.688
107,-1,321,-15,312.292
107,-1,321,-15,349.191
108,-1,321,-15,391.78
108,0,321,-15,439.725
108,0,321,-15,487.963
108,0,321,-15,542.853
108,0,321,-15,598.613
108,0,321,-15,658.135
108,0,321,-15,725.665
109,0,321,-15,795.914
109,0,321,-15,867.351
109,0,321,-15,943.745
109,0,321,-15,1030.2
109,0,321,-15,1123.97
109,1,321,-15,1215.83
110,1,321,-15,1311.91
110,1,321,-15,1418.24
110,1,321,-15,1523.49
110,1,321,-15,1632.85
110,2,321,-15,1762.23
110,2,321,-15,1881.09
110,2,321,-15,2004.72
111,2,321,-15,2130.81
111,2,321,-15,2269.3
111,2,321,-15,2409.71
111,3,321,-15,2596.68
111,3,321,-15,2781.81
111,3,321,-15,2958.58
112,3,321,-15,3154.55
112,3,321,-15,3354.97
112,4,321,-15,3585.18
112,4,321,-15,3801.24
112,4,321,-15,4028.71
112,4,321,-15,4283.9
112,4,321,-15,4541.33
113,5,321,-15,4821.47
113,5,321,-15,5152.26
113,5,321,-15,5479.72
113,5,321,-15,5807.32
113,5,321,-15,6148.28
113,5,321,-15,6482.31
114,6,321,-15,6827.2
114,6,321,-15,7204.83
114,6,321,-15,7691.4
114,6,321,-15,8126.62
114,6,321,-15,8501.6
114,7,321,-15,8962.75
114,7,321,-15,9434.56
115,7,321,-15,9949.88
115,7,321,-15,10504.8
115,7,321,-15,11034.1
115,7,321,-15,11527
115,8,321,-15,12002.6
115,8,321,-15,12534.7
116,8,321,-15,13117.4
116,8,321,-15,13645.5
116,8,321,-15,14180.7
116,9,321,-15,14851.6
116,9,321,-15,15440.8
116,9,321,-15,16039
117,9,321,-15,16685.8
117,9,321,-15,17228.7
117,9,321,-15,17836.7
117,10,321,-15,18561.6
117,10,321,-15,19289.7
117,10,321,-15,19989.2
118,10,321,-15,20768.7
118,10,321,-15,21408.3
118,10,321,-15,21999
118,11,321,-15,22592.1
118,11,321,-15,23203.2
118,11,321,-15,23785.3
119,11,321,-15,24297.2
119,11,321,-15,24729.7
119,12,321,-15,25322
119,12,321,-15,25977.1
119,12,321,-15,26551
119,12,321,-15,27069.1
120,12,321,-15,27792.4
120,12,321,-15,28267.7
120,13,321,-15,28954.4
120,13,321,-15,29596.2
120,13,321,-15,30216.1
121,13,321,-15,30933
121,13,321,-15,31616.1
121,13,321,-15,32232.5
121,14,321,-15,32762.8
121,14,321,-15,33312.9
121,14,321,-15,34100
122,14,321,-15,35003.9
122,14,321,-15,36003
122,14,321,-15,36451.3
122,15,321,-15,37076.5
122,15,321,-15,37685
122,15,321,-15,38099.1
123,15,321,-15,38577.2
123,15,321,-15,39024.4
123,15,321,-15,39556.9
123,16,321,-15,40013.9
123,16,321,-15,40394.8
124,16,321,-15,41186.9
124,16,321,-15,41608.7
124,16,321,-15,42257.5
124,16,321,-15,42722.7
124,17,321,-15,43187.9
124,17,321,-15,43905.3
125,17,321,-15,44593.4
125,17,321,-15,45037.7
125,17,321,-15,45508
125,17,321,-15,45765.5
125,18,321,-15,46364.6
126,18,321,-15,46826.9
126,18,321,-15,47505.3
126,18,321,-15,47989.8
126,18,321,-15,48492.2
126,18,321,-15,49248.3
127,19,321,-15,49754.9
127,19,321,-15,50136.7
127,19,321,-15,50928.2
127,19,321,-15,51596.2
127,19,321,-15,52206.4
128,19,321,-15,52647.3
128,19,321,-15,53120.8
128,20,321,-15,53320
128,20,321,-15,53363
128,20,321,-15,53773.4
128,20,321,-15,53995.8
129,20,321,-15,54447
129,20,321,-15,54827.2
129,21,321,-15,55032.7
129,21,321,-15,55421.5
129,21,321,-15,56052.4
130,21,321,-15,56741.5
130,21,321,-15,57347.5
130,21,321,-15,57940
130,22,321,-15,58448.9
130,22,321,-15,59050.8
131,22,321,-15,59269.7
131,22,321,-15,59608.1
131,22,321,-15,60080.9
131,22,321,-15,60462.9
132,22,321,-15,60809.7
132,23,321,-15,61044.9
132,23,321,-15,61391
132,23,321,-15,61403.8
132,23,321,-15,61658.3
133,23,321,-15,62312.1
133,23,321,-15,63223.1
133,23,321,-15,64012.6
133,24,321,-15,64643.2
133,24,321,-15,64966.8
134,24,321,-15,65079.5
134,24,321,-15,65366.3
134,24,321,-15,65498.9
134,24,321,-15,65613.8
134,24,321,-15,66003.3
135,25,321,-15,66738.9
135,25,321,-15,67230.3
135,25,321,-15,67762.2
135,25,321,-15,67885.6
136,25,321,-15,67972
136,25,321,-15,67852.8
136,25,321,-15,67678.5
136,26,321,-15,67259.8
136,26,321,-15,67206.7
137,26,321,-15,67256.4
137,26,321,-15,67788.3
137,26,321,-15,68523.9
137,26,321,-15,69146
138,26,321,-15,69476.1
138,27,321,-15,69862.5
138,27,321,-15,70823.7
138,27,321,-15,70969.5
138,27,321,-15,71434.6
139,27,321,-15,71616.3
139,27,321,-15,71749.9
139,27,321,-15,72043.5
139,27,321,-15,72449.6
140,28,321,-15,72835.5
140,28,321,-15,73035.4
140,28,321,-15,73085.1
140,28,321,-15,73626.2
141,28,321,-15,74029
141,28,321,-15,73686.3
141,28,321,-15,73170.5
141,28,321,-15,73811.5
141,29,321,-15,73794
142,29,321,-15,74360.4
142,29,321,-15,74329.8
142,29,321,-15,74288.6
142,29,321,-15,74226.2
143,29,321,-15,74622.9
143,29,321,-15,74759.7
143,29,321,-15,74980.8
143,30,321,-15,75195.5
144,30,321,-15,75833.5
144,30,321,-15,76083.6
144,30,321,-15,75954.6
144,30,321,-15,75867.7
145,30,321,-15,75888.9
145,30,321,-15,75534.9
145,30,321,-15,75851.2
145,30,321,-15,75923.2
146,31,321,-15,76517.8
146,31,321,-15,76654.9
146,31,321,-15,76717.9
146,31,321,-15,76929.9
147,31,321,-15,76960.2
147,31,321,-15,77360.8
147,31,321,-15,77477.4
147,31,321,-15,77464.7
148,31,321,-15,77634.4
148,32,321,-15,77705.9
148,32,321,-15,78065.6
148,32,321,-15,77852.2
149,32,321,-15,78160.9
149,32,321,-15,78378.9
149,32,321,-15,78792.4
149,32,321,-15,78768.8
150,32,321,-15,79363.6
150,32,321,-15,79556.3
150,32,321,-15,79758.5
151,33,321,-15,80295.4
151,33,321,-15,80462.2
151,33,321,-15,80462.2
151,33,321,-15,80259.6
152,33,321,-15,80486.4
152,33,321,-15,80668.4
152,33,321,-15,80927.7
152,33,321,-15,81520
153,33,321,-15,81472.8
153,33,321,-15,81498.2
153,33,321,-15,81539.2
153,34,321,-15,81778.2
154,34,321,-15,82010.6
154,34,321,-15,81563.1
154,34,321,-15,81848.7
155,34,321,-15,81732
155,34,321,-15,81963.6
155,34,321,-15,81899.5
155,34,321,-15,82084.1
156,34,321,-15,82470.2
156,34,321,-15,82681
156,34,321,-15,82619
156,34,321,-15,82424.5
157,35,321,-15,82272.3
157,35,321,-15,82756.4
157,35,321,-15,82634.7
158,35,321,-15,82654
158,35,321,-15,82758.7
158,35,321,-15,82633.5
158,35,321,-15,83329.8
159,35,321,-15,83189.7
159,35,321,-15,83195.6
159,35,321,-15,82978.8
160,35,321,-15,83043.8
160,35,321,-15,83050
160,35,321,-15,82946.4
160,35,321,-15,83068.7
161,36,321,-15,83178.7
161,36,321,-15,83613.4
161,36,321,-15,84035.6
162,36,321,-15,84747.4
162,36,321,-15,84855.1
162,36,321,-15,85033.5
162,36,321,-15,84906
163,36,321,-15,84939.7
163,36,321,-15,84922.5
163,36,321,-15,85171
164,36,321,-15,85177.8
164,36,321,-15,85160
164,36,321,-15,84956.6
165,36,321,-15,84711.8
165,36,321,-15,84858.8
165,36,321,-15,85587.3
165,36,321,-15,86434.2
166,37,321,-15,86415.3
166,37,321,-15,86112
166,37,321,-15,86282.2
167,37,321,-15,86005.7
167,37,321,-15,85810.7
167,37,321,-15,85915.5
167,37,321,-15,85913.2
168,37,321,-15,86420.6
168,37,321,-15,86335.9
168,37,321,-15,86352.7
169,37,321,-15,86425.6
169,37,321,-15,86500.7
169,37,321,-15,86635.3
170,37,321,-15,86730.1
170,37,321,-15,86788.7
170,37,321,-15,86486.3
170,37,321,-15,86444.1
171,37,321,-15,86360.5
171,37,321,-15,86410.7
171,37,321,-15,86760
172,37,321,-15,86812.2
172,37,321,-15,86883.3
172,37,321,-15,86842.1
173,37,321,-15,87504.6
173,37,321,-15,88536.4
173,37,321,-15,88734
174,37,321,-15,88130.9
174,37,321,-15,87990.5
174,37,321,-15,86960
174,37,321,-15,86494.7
175,37,321,-15,86908.1
175,38,321,-15,86818.9
175,38,321,-15,86239.3
176,38,321,-15,86523.5
176,38,321,-15,86829.4
176,38,321,-15,86708.6
177,38,321,-15,86492
177,38,321,-15,86974.5
177,38,321,-15,87658.3
177,38,321,-15,87672.8
178,38,321,-15,87741.3
178,38,321,-15,87909.3
178,38,321,-15,87924.7
179,38,321,-15,88162.5
179,38,321,-15,88072.1
179,38,321,-15,88131.9
180,38,321,-15,88223.2
180,38,321,-15,88300.2
180,38,321,-15,88118.8
181,38,321,-15,87459.6
181,38,321,-15,87411
181,38,321,-15,87934.9
181,38,321,-15,87910.3
182,38,321,-15,87444.2
182,38,321,-15,87650.3
182,38,321,-15,87572.8
183,38,321,-15,87005.4
183,38,321,-15,86654.4
183,38,321,-15,86606.6
184,38,321,-15,86523.8
184,38,321,-15,86851.3
184,37,321,-15,87126.5
185,37,321,-15,87189.6
185,37,321,-15,86462.8
185,37,321,-15,86434.8
185,37,321,-15,86462.2
186,37,321,-15,86881.6
186,37,321,-15,86312.1
186,37,321,-15,86241.8
187,37,321,-15,86344.7
187,37,321,-15,85986
187,37,321,-15,86189.4
188,37,321,-15,86501
188,37,321,-15,86024.1
188,37,321,-15,85433.6
189,37,321,-15,85335.8
189,37,321,-15,86006.5
189,37,321,-15,86450.8
189,37,321,-15,86625.4
190,37,321,-15,86257.4
190,37,321,-15,86266.9
190,37,321,-15,86506.5
191,37,321,-15,87135
191,37,321,-15,87125.2
191,37,321,-15,86657.7
192,37,321,-15,86853.5
192,37,321,-15,87254.9
192,37,321,-15,87171.8
192,37,321,-15,86981.5
193,37,321,-15,86673.3
193,37,321,-15,86586.5
193,37,321,-15,85860.3
194,36,321,-15,86131
194,36,321,-15,86912.7
194,36,321,-15,87155.2
194,36,321,-15,87359
195,36,321,-15,87389.5
195,36,321,-15,87357
195,36,321,-15,86830.8
196,36,321,-15,86204.4
196,36,321,-15,86195.4
196,36,321,-15,85840.3
197,36,321,-15,85979.3
197,36,321,-15,86344.8
197,36,321,-15,86156.5
197,36,321,-15,86116.8
198,36,321,-15,85404.1
198,36,321,-15,85090.5
198,36,321,-15,85405.9
199,36,321,-15,85928.8
199,35,321,-15,85820.3
199,35,321,-15,85749
199,35,321,-15,85985.7
200,35,321,-15,85821
200,35,321,-15,86005.6
200,35,321,-15,85921.3
201,35,321,-15,85722.3
201,35,321,-15,85616.4
201,35,321,-15,85389.3
201,35,321,-15,84455.9
202,35,321,-15,84251.9
202,35,321,-15,84134.9
202,35,321,-15,83973.4
203,35,321,-15,84248
203,34,321,-15,84304.9
203,34,321,-15,84505
203,34,321,-15,83833.2
204,34,321,-15,83385.9
204,34,321,-15,83129.7
204,34,321,-15,82536.8
204,34,321,-15,82494.3
205,34,321,-15,82552.6
205,34,321,-15,82619.5
205,34,321,-15,82182.5
206,34,321,-15,82424.3
206,34,321,-15,82589.5
206,33,321,-15,82214
206,33,321,-15,82423.6
207,33,321,-15,82184.8
207,33,321,-15,82104.2
207,33,321,-15,81295.9
207,33,321,-15,81208.7
208,33,321,-15,81199.7
208,33,321,-15,80771.7
208,33,321,-15,80870.6
208,33,321,-15,80813.9
209,32,321,-15,80646.8
209,32,321,-15,80209.4
209,32,321,-15,80099.4
210,32,321,-15,80329.6
210,32,321,-15,79681
210,32,321,-15,79616.3
210,32,321,-15,79392.6
211,32,321,-15,79171.8
211,32,321,-15,78758.8
211,32,321,-15,78721.5
211,31,321,-15,78469.2
212,31,321,-15,77856
212,31,321,-15,77664.5
212,31,321,-15,77311.1
212,31,321,-15,77013.4
213,31,321,-15,76147.4
213,31,321,-15,76309.6
213,31,321,-15,76388.9
213,31,321,-15,76168.9
214,31,321,-15,76162.9
214,30,321,-15,76137.1
214,30,321,-15,75765.9
214,30,321,-15,75178.7
215,30,321,-15,75374.2
215,30,321,-15,75433.7
215,30,321,-14,75363.7
215,30,321,-14,75069.9
216,30,321,-14,74675
216,29,321,-14,74390.6
216,29,321,-14,73648.9
216,29,321,-14,73370.9
217,29,321,-14,73324.1
217,29,321,-14,72609.3
217,29,321,-14,72096.3
217,29,321,-14,71826.6
218,29,321,-14,71985.8
218,28,321,-14,71534.1
218,28,321,-14,71668.9
218,28,321,-14,71527.2
218,28,321,-14,71194.2
219,28,321,-14,71073.2
219,28,321,-14,70960.9
219,28,321,-14,70806.2
219,28,321,-14,70668.1
220,27,321,-14,70568.3
220,27,321,-14,70382.3
220,27,321,-14,69978.1
220,27,321,-14,69728.7
221,27,321,-14,69287.1
221,27,321,-14,68911
221,27,321,-14,68720.9
221,27,321,-14,68770.5
221,26,321,-14,68247.4
222,26,321,-14,67842.3
222,26,321,-14,66985.1
222,26,321,-14,66047.2
222,26,321,-14,65335.3
223,26,321,-14,64612.8
223,26,321,-14,64562.1
223,25,321,-14,64380.9
223,25,321,-14,63840.1
223,25,321,-14,62950.4
224,25,321,-14,62989.9
224,25,321,-14,63139.3
224,25,321,-14,62963.2
224,25,321,-14,63159.5
225,25,321,-14,62931.6
225,24,321,-14,62666
225,24,321,-14,61973.6
225,24,321,-14,61489.2
225,24,321,-14,61479.9
226,24,321,-14,60926.5
226,24,321,-14,61088.6
226,24,321,-14,60246.1
226,23,321,-14,59487.6
226,23,321,-14,58940.7
227,23,321,-14,58760.1
227,23,321,-14,58616.1
227,23,321,-14,58448.4
227,23,321,-14,58535
228,22,321,-14,58155.8
228,22,321,-14,57734.2
228,22,321,-14,57285.1
228,22,321,-14,57163.4
228,22,321,-14,56656.8
229,22,321,-14,56266.9
229,22,321,-14,56173.3
229,21,321,-14,55936
229,21,321,-14,55284.8
229,21,321,-14,55362.3
230,21,321,-14,55091.8
230,21,321,-14,54157.4
230,21,321,-14,53810.9
230,21,321,-14,53567.8
230,20,321,-14,53111.1
231,20,321,-14,52805.5
231,20,321,-14,52240
231,20,321,-14,52017
231,20,321,-14,51417.2
231,20,321,-14,51405.3
232,19,321,-14,51007.7
232,19,321,-14,50297
232,19,321,-14,49483.8
232,19,321,-14,48936.1
232,19,321,-14,48669.7
233,19,321,-14,47928.9
233,18,321,-14,47522.3
233,18,321,-14,47119.6
233,18,321,-14,46798
233,18,321,-14,46057.5
233,18,321,-14,45416.1
234,18,321,-14,44873.3
234,17,321,-14,44175.7
234,17,321,-14,43612.2
234,17,321,-14,43033.9
234,17,321,-14,42403.3
235,17,321,-14,41380.8
235,17,321,-14,41100.7
235,17,321,-14,40577.3
235,16,321,-14,39611.4
235,16,321,-14,39128.9
236,16,321,-14,38968
236,16,321,-14,38458.1
236,16,321,-14,37949.9
236,16,321,-14,37374.6
236,15,321,-14,36706.5
236,15,321,-14,36054.3
237,15,321,-14,35817.2
237,15,321,-14,35245.5
237,15,321,-14,34664.1
237,15,321,-14,33965.2
237,14,321,-14,33485.5
237,14,321,-14,32795.4
238,14,321,-14,31973.3
238,14,321,-14,31086.8
238,14,321,-14,30350.1
238,13,321,-14,29649.4
238,13,321,-14,28982.2
239,13,321,-14,28467.7
239,13,321,-14,27778
239,13,321,-14,27101.3
239,13,321,-14,26050.1
239,12,321,-14,25202.1
239,12,321,-14,24562.8
240,12,321,-14,23784.3
240,12,321,-14,23230.8
240,12,321,-14,22446.2
240,12,321,-14,21787
240,11,321,-14,21036.9
240,11,321,-14,20365.9
241,11,321,-14,19497.4
241,11,321,-14,18623.1
241,11,321,-14,18003.2
241,11,321,-14,17430.7
241,10,321,-14,16777.2
241,10,321,-14,15950.8
242,10,321,-14,15328.9
242,10,321,-14,14817.1
242,10,321,-14,14159.5
242,9,321,-14,13574.9
242,9,321,-14,12938.5
242,9,321,-14,12340.7
243,9,321,-14,11709.8
243,9,321,-14,11069.7
243,9,321,-14,10383.5
243,8,321,-14,9580.41
243,8,321,-14,9000.05
243,8,321,-14,8513.66
244,8,321,-14,7882.85
244,8,321,-14,7388.96
244,8,321,-14,7008.62
244,7,321,-14,6597.25
244,7,321,-14,6170.57
244,7,321,-14,5824.39
245,7,321,-14,5370.09
245,7,321,-14,5012.84
245,6,321,-14,4649.6
245,6,321,-14,4352.79
245,6,321,-14,4066.98
245,6,321,-14,3742.23
246,6,321,-14,3454.6
246,6,321,-14,3136.76
246,5,321,-14,2746.6
246,5,321,-14,2518.61
246,5,321,-14,2367.66
246,5,321,-14,2195.18
246,5,321,-14,2031.96
247,4,321,-14,1876.73
247,4,321,-14,1754.08
247,4,321,-14,1646.47
247,4,321,-14,1527.39
247,4,321,-14,1368.13
247,3,321,-14,1223.62
248,3,321,-14,1146.65
248,3,321,-14,1073.25
248,3,321,-14,1000.42
248,3,321,-14,903.144
248,3,321,-14,807.758
248,2,321,-14,727.962
249,2,321,-14,656.877
249,2,321,-14,598.28
249,2,321,-14,543.431
249,2,321,-14,489.988
249,1,321,-14,439.566
249,1,321,-14,395.029
249,1,321,-14,354.062
250,1,321,-14,315.386
250,1,321,-14,278.761
250,1,321,-14,243.936
250,0,321,-14,216.03
250,0,321,-14,191.11
250,0,321,-14,166.861
250,0,321,-14,145.857
251,0,321,-14,126.418
251,0,321,-14,107.338
251,0,321,-14,91.4676
251,0,321,-14,77.3122
251,0,321,-14,64.7411
251,0,321,-14,53.9269
252,-1,321,-14,44.7967
252,-1,321,-14,36.9678
252,-1,321,-14,30.2953
252,-1,321,-14,24.6431
252,-1,321,-14,19.9333
252,-2,321,-14,15.9938
252,-2,321,-14,12.7765
253,-2,321,-14,10.1534
253,-2,321,-14,8.03322
253,-2,321,-14,6.33618
253,-2,321,-14,4.98257
253,-3,321,-14,3.92885
253,-3,321,-14,3.10471
253,-3,321,-14,2.47131
254,-3,321,-14,1.96688
254,-3,321,-14,1.57714
254,-4,321,-14,1.26789
254,-4,321,-14,1.01741
254,-4,321,-14,0.81777
254,-4,321,-14,0.660439
254,-4,321,-14,0.53654
255,-5,321,-14,0.435882
255,-5,321,-14,0.352864
255,-5,321,-14,0.290541
255,-5,321,-14,0.236955
255,-5,321,-14,0.197401
255,-6,321,-14,0.165643
255,-6,321,-14,0.137618
256,-6,321,-14,0.120537
256,-6,321,-14,0.104099
256,-6,321,-14,0.0915987
256,-7,321,-14,0.0793204
256,-7,321,-14,0.0727419
256,-7,321,-14,0.0654201
257,-7,321,-14,0.0589537
257,-7,321,-14,0.0546568
257,-8,321,-14,0.0510875
257,-8,321,-14,0.0478271
257,-8,321,-14,0.0450876
257,-8,321,-14,0.0434468
257,-8,321,-14,0.042403
258,-8,321,-14,0.0412943
258,-9,321,-14,0.0407391
258,-9,321,-14,0.0376377
258,-9,321,-14,0.0386475
258,-9,321,-14,0.037012
258,-9,321,-14,0.03719
258,-10,321,-14,0.0373026
259,-10,321,-14,0.0361193
259,-10,321,-14,0.0341991
259,-10,321,-14,0.0358763
259,-10,321,-14,0.0367035
259,-11,321,-14,0.0345863
259,-11,321,-14,0.0358764
259,-11,321,-14,0.0350187
260,-11,321,-14,0.0339028
260,-11,321,-14,0.033418
260,-12,321,-14,0.031759
260,-12,321,-14,0.0328827
260,-12,321,-14,0.0334637
260,-12,321,-14,0.03353
260,-12,321,-14,0.0326342
261,-13,321,-14,0.0322009
261,-13,322,-14,0.0299975
261,-13,322,-14,0.0334361
261,-13,322,-14,0.0351359
261,-13,322,-14,0.0318333
261,-14,322,-14,0.03171
261,-14,322,-14,0.0314522
262,-14,322,-14,0.0320066
262,-14,322,-14,0.0312213
262,-14,322,-14,0.0296018
262,-15,322,-14,0.0319402
262,-15,322,-14,0.0312285
262,-15,322,-14,0.0313535
262,-15,322,-14,0.0327226
263,-15,322,-14,0.0312002
263,-16,322,-14,0.0314588
263,-16,322,-14,0.0304099
263,-16,322,-14,0.0323092
263,-16,322,-14,0.0299336
263,-16,322,-14,0.0302346
263,-17,322,-14,0.0309636
264,-17,322,-14,0.0294302
264,-17,322,-14,0.0310624
264,-17,322,-14,0.0270733
264,-17,322,-14,0.0309692
264,-18,322,-14,0.0318438
264,-18,322,-14,0.0299546
264,-18,322,-14,0.0289459
265,-18,322,-14,0.0307707
265,-18,322,-14,0.0285277
265,-19,322,-14,0.0314489
265,-19,322,-14,0.0288656
265,-19,322,-14,0.030466
265,-19,322,-14,0.0290642
265,-19,322,-14,0.0292023
266,-20,322,-14,0.0277785
266,-20,322,-14,0.0283441
266,-20,322,-14,0.0255701
266,-20,322,-14,0.0279512
266,-20,322,-14,0.0208933
266,-21,322,-14,0.0247558
266,-21,322,-14,0.0263894
267,-21,322,-14,0.0265206
267,-21,322,-14,0.0248753
267,-21,322,-14,0.0261931
267,-22,322,-14,0.0251249
267,-22,322,-14,0.0256188
267,-22,322,-14,0.0234124
267,-22,322,-14,0.0258087
268,-22,322,-14,0.0273312
268,-23,322,-14,0.0243241
268,-23,322,-14,0.0238816
268,-23,322,-14,0.0247933
268,-23,322,-14,0.0235017
