68,-12,6377.56,27.0155,4.56451,-0.00000924,-0.0178265
69,-12,8678.07,27.1251,5.64397,-0.0000168,-0.0166425
69,-12,8918.52,26.0582,4.50005,-0.0000191,-0.0148062
69,-12,8499.1,29.0392,6.0646,-0.00000635,-0.0175834
69,-12,8876.68,28.0967,6.76376,-0.0000123,-0.0145509
69,-11,6018.64,27.1921,4.76086,-0.0000155,-0.0162887
69,-11,7551.79,26.186,1.77801,-0.0000117,-0.012695
70,-11,6022.05,25.2044,3.81441,-0.00000983,-0.0122797
70,-11,3466.54,21.575,-0.749921,-0.0000107,-0.0110788
70,-11,5333.92,28.4346,1.63162,-0.000014,-0.00916374
70,-10,1511.06,19.7086,-6.833,-0.0000138,-0.004605
70,-10,47526.9,31.3891,12.9974,-0.0000198,0.780342
70,-10,45071.1,31.2775,12.8545,-0.0000108,0.979051
71,-10,42109.3,31.093,12.8081,-0.0000145,1.22487
71,-10,39279.8,30.9419,12.656,-0.0000138,1.5399
71,-9,35963.3,30.6873,12.461,-0.0000219,1.93652
71,-9,32055.1,30.3265,12.3554,-0.0000134,2.44167
71,-9,29526.5,29.9405,12.1987,-0.0000153,3.08283
71,-9,26325,29.4324,12.0022,-0.00000907,3.90159
71,-9,23239.1,28.8082,11.7312,-0.0000106,4.96422
72,-9,21059.2,28.18,11.5375,-0.00000668,6.32012
72,-8,19151.5,27.6069,11.3257,-0.00000328,8.05466
72,-8,17673.3,27.1269,11.184,-0.000000944,10.2632
72,-8,16636.8,26.7829,11.0822,-0.00000775,13.0241
72,-8,15795.8,26.5157,11.0285,-0.00000398,16.4721
72,-8,15151.5,26.3496,10.9787,0.00000635,20.735
73,-7,14523.7,26.2051,10.937,0.000000576,25.9925
73,-7,13967.6,26.1236,10.9187,0.0000169,32.3904
73,-7,13514.8,26.113,10.9179,0.00002,40.0587
73,-7,13144.5,26.1827,10.9571,0.0000244,49.1503
73,-7,12822.6,26.2749,10.9898,0.0000599,59.8285
73,-6,12556.7,26.3325,11.008,0.0000456,72.3223
74,-6,12250,26.2359,10.9552,0.0000563,86.8892
74,-6,11853.8,25.9408,10.8199,0.0000777,103.908
74,-6,11423.8,25.6309,10.6743,0.0000873,123.616
74,-6,11039.3,25.4789,10.5965,0.000107658,146.104
74,-5,10684.2,25.4802,10.587,0.000119472,171.781
74,-5,10326.6,25.5176,10.5893,0.000172087,202.086
74,-5,9988.07,25.488,10.574,0.000156945,234.411
75,-5,9643.04,25.3979,10.5295,0.000205481,270.655
75,-5,9362.57,25.3485,10.5072,0.000199567,310.687
75,-4,9099.26,25.2326,10.4551,0.000249601,355.005
75,-4,8777.59,24.914,10.3223,0.000272603,405.262
75,-4,8415.71,24.3741,10.0964,0.000296484,465.196
75,-4,7998.27,23.6328,9.79137,0.000353662,532.269
76,-4,7605.51,22.8606,9.48146,0.000389305,607.562
76,-4,7263.56,22.1652,9.20422,0.000410456,692.119
76,-3,6966.68,21.5683,8.96568,0.000469117,786
76,-3,6677.18,20.9376,8.7252,0.00050426,890.076
76,-3,6397.88,20.2805,8.47715,0.000467495,1010.93
76,-3,6188.65,19.7629,8.27948,0.000773204,1142.49
76,-3,5993.93,19.2494,8.0861,0.000769045,1279.16
77,-2,5827.95,18.8058,7.91807,0.000768804,1424.95
77,-2,5687.98,18.4279,7.78765,0.000822218,1581.19
77,-2,5567.94,18.0902,7.66449,0.000944347,1746.33
77,-2,5471.98,17.8322,7.57135,0.000855502,1927.31
77,-2,5379.45,17.5596,7.47919,0.00100936,2115.9
77,-1,5298.36,17.3213,7.39726,0.00110063,2321.12
78,-1,5227.14,17.1095,7.32658,0.00121777,2539.69
78,-1,5169.84,16.9589,7.28082,0.00125381,2780.98
78,-1,5116.87,16.796,7.22491,0.00127643,3024.6
78,-1,5069.71,16.6562,7.18436,0.00131145,3267.22
78,0,5027.38,16.5375,7.14777,0.00135477,3518.29
78,0,4995.89,16.4676,7.12781,0.00141788,3796.67
78,0,4957.43,16.3557,7.09378,0.00160048,4082.64
79,0,4716.18,15.2359,6.64487,0.00122236,4596.45
79,0,4353,13.4834,5.9298,0.00218707,5378.31
79,0,4206.34,12.7644,5.64681,0.00240385,5992.7
79,0,4144.06,12.479,5.54389,0.00235756,6578.92
79,0,4059.53,12.0472,5.3809,0.00246229,7261.31
79,0,4029.07,11.8862,5.3374,0.00297066,7863.37
79,0,4007.64,11.771,5.30731,0.00274176,8499.39
80,1,3986.04,11.6537,5.27505,0.00342814,9229.94
80,1,3981.06,11.6184,5.27864,0.00342348,9896.83
80,1,3986.15,11.631,5.30124,0.00349186,10550.4
80,1,3973.44,11.5407,5.28538,0.00393143,11412.4
80,1,3985.99,11.5993,5.32451,0.00405719,12168.9
80,2,3979.08,11.547,5.3238,0.0047454,13050.7
81,2,3999.49,11.6896,5.3836,0.00448212,13516
81,2,4005.12,11.7333,5.40962,0.00468077,14298.8
81,2,4010.01,11.7834,5.4358,0.00488629,14937.3
81,2,4033.55,11.9424,5.50154,0.00518602,15481.3
81,3,4048.9,12.0226,5.54937,0.00551154,16420.3
81,3,4052.31,11.9937,5.56642,0.00656666,17928.9
81,3,4070.44,12.1002,5.61979,0.00614061,18817.4
82,3,4088.04,12.2171,5.67483,0.00632819,19708.5
82,3,4100.93,12.3101,5.71647,0.0062312,20497.2
82,4,4120.74,12.4212,5.76919,0.00677262,21507.3
82,4,4140.86,12.5312,5.82768,0.0071648,22666.7
82,4,4169.95,12.7236,5.90892,0.0071574,23417.4
82,4,4180.94,12.8,5.94382,0.00793166,24430.9
82,4,4192.75,12.8981,5.98282,0.00882597,25106.1
83,5,4214.19,13.0235,6.04127,0.00888275,26276.7
83,5,4226.83,13.1207,6.08406,0.00857164,27375.8
83,5,4256.07,13.2966,6.15957,0.00754643,28521.5
83,5,4264.48,13.3636,6.18636,0.009663,29621.1
83,5,4273.49,13.4409,6.22022,0.0085373,30577.7
83,6,4287.74,13.5289,6.25829,0.00961884,31873.9
83,6,4304.12,13.6614,6.30849,0.0114518,32717
84,6,4313.02,13.73,6.3352,0.0113452,33660.9
84,6,4330.88,13.8526,6.38433,0.0108161,34670.7
84,6,4332.84,13.8888,6.39538,0.0130435,35762.5
84,7,4353.1,14.0272,6.45237,0.0124678,37107.5
84,7,4354.9,14.0661,6.46108,0.0137882,38085.3
84,7,4372.29,14.1787,6.50675,0.0139585,39160.3
85,7,4391.03,14.3087,6.55742,0.0160497,40280.9
85,7,4394.51,14.3545,6.57024,0.0154766,41216.9
85,8,4413.48,14.4888,6.62036,0.0158502,42417
85,8,4420.38,14.5572,6.64474,0.0181682,43519.8
85,8,4429.55,14.6182,6.67059,0.018343,45078.7
85,8,4427.08,14.6375,6.67309,0.0214636,45878.5
85,8,4448.54,14.7773,6.72296,0.0196415,47022.9
86,9,4461.53,14.8703,6.75896,0.0210329,48493.5
86,9,4478.95,15.0005,6.80557,0.0221435,49432.1
86,9,4496.39,15.1231,6.84994,0.0222431,50405
86,9,4521.14,15.2919,6.91206,0.0246712,51511.6
86,9,4541.77,15.4453,6.96339,0.0247308,51888.9
86,10,4555.12,15.5456,6.99667,0.0259595,52900
86,10,4567.36,15.6434,7.03102,0.0260678,53721.2
87,10,4585.37,15.7618,7.07309,0.0287244,54782.2
87,10,4595.92,15.8505,7.10133,0.0305989,55214.6
87,10,4601.22,15.91,7.11658,0.0306844,55849.5
87,11,4609.9,15.9739,7.13905,0.0323726,56923.6
87,11,4615.97,16.0244,7.15883,0.0325835,58731.8
87,11,4617.96,16.0684,7.16604,0.0343404,59324.4
87,11,4621.77,16.1023,7.17724,0.0350887,60458.7
88,11,4623.74,16.1249,7.18425,0.0384857,62167.8
88,12,4630.66,16.183,7.20341,0.0398234,63278.5
88,12,4647.98,16.3043,7.24417,0.0415679,64060.2
88,12,4658.82,16.3957,7.27054,0.0406459,64236.8
88,12,4669.54,16.4857,7.29737,0.0417839,64123.9
88,12,4688.73,16.6189,7.34315,0.0439354,64538.6
89,13,4693.92,16.6677,7.35521,0.0467797,65443.2
89,13,4709.69,16.7826,7.39229,0.047703,66115.7
89,13,4725.49,16.8937,7.42924,0.0482269,66247.8
89,13,4737.81,16.9952,7.45983,0.0521902,67102.1
89,13,4755.11,17.1005,7.50009,0.0513738,68085.6
89,14,4776.45,17.2447,7.54452,0.0516133,68607.3
89,14,4784.4,17.3132,7.56125,0.0520023,68778.1
90,14,4795.13,17.3963,7.58479,0.0520025,68710.1
90,14,4805.25,17.4694,7.60738,0.0482906,68719.1
90,14,4816.63,17.5568,7.6361,0.0619417,69554.3
90,15,4829.25,17.6466,7.66563,0.0651126,70295.2
90,15,4835.92,17.6914,7.67653,0.0608987,71453.1
90,15,4837.62,17.7356,7.6896,0.0666624,72199.1
90,15,4848.45,17.8013,7.71037,0.0716216,73905.8
91,15,4862.03,17.8934,7.73762,0.0724327,74547.1
91,16,4863.27,17.9147,7.74018,0.0764838,75774.3
91,16,4876.78,18.0095,7.77747,0.0772056,76785.5
91,16,4881.54,18.0461,7.78483,0.084198,77257
91,16,4892.08,18.1327,7.81252,0.0790551,77089.8
91,16,4896.81,18.1804,7.82049,0.0826371,77241.5
92,17,4899.7,18.2086,7.82345,0.0910782,77557.4
92,17,4909.56,18.2784,7.84986,0.0946939,78275.9
92,17,4918.31,18.3446,7.86616,0.0898988,78394.8
92,17,4935.08,18.4613,7.90036,0.0947338,78002.3
92,17,4949.23,18.5544,7.93168,0.101006,78383.3
92,18,4951.66,18.5797,7.9383,0.102505,78598.3
92,18,4974.57,18.721,7.98332,0.109489,77956.3
93,18,4974.85,18.7315,7.98279,0.104847,79220.8
93,18,4979.9,18.7757,7.99643,0.109859,79520
93,18,4984.48,18.8216,8.00605,0.114693,79305.1
93,19,4986.09,18.8405,8.00925,0.113676,80210.6
93,19,4988.51,18.87,8.01568,0.127778,80715.4
93,19,5008.46,18.9962,8.05627,0.13202,79808.6
94,19,5007.09,19.0034,8.05166,0.126876,81571.2
94,19,5016.17,19.05,8.07132,0.133754,83025.9
94,20,5018.93,19.0894,8.07749,0.133376,83328.1
94,20,5029.59,19.1634,8.09605,0.143644,81494.6
94,20,5032.11,19.1881,8.10766,0.134944,81699.7
94,20,5029.32,19.1764,8.10486,0.134377,84217.7
94,20,5035.42,19.216,8.11578,0.131098,83649.4
95,21,5031.14,19.2098,8.10529,0.124072,84227.3
95,21,5041.13,19.2712,8.13066,0.121529,84724.9
95,21,5055.87,19.3625,8.15404,0.129013,85293.9
95,21,5057.3,19.3901,8.16527,0.136999,85389
95,21,5057.37,19.3928,8.15676,0.141711,85703.2
95,22,5059.24,19.4192,8.16686,0.140429,85257.4
96,22,5058.53,19.4221,8.15615,0.145264,85344.2
96,22,5072.45,19.5128,8.1927,0.154142,85834.9
96,22,5081.8,19.5829,8.20583,0.158307,85914.1
96,22,5084.86,19.6046,8.21389,0.160994,86453
96,23,5110.26,19.7561,8.265,0.16782,86221.4
96,23,5113.39,19.7888,8.27501,0.173159,87493.9
96,23,5126.44,19.8655,8.29525,0.182626,87744
97,23,5129.49,19.8882,8.29903,0.184798,87991.5
97,23,5140.32,19.9658,8.32302,0.192371,88405.8
97,24,5134.2,19.9473,8.30871,0.193637,88186
97,24,5132.35,19.9446,8.30497,0.196062,88073.5
97,24,5139.72,19.9938,8.32236,0.207929,88308.7
97,24,5150.72,20.0545,8.34184,0.20246,89146.3
98,24,5156.5,20.1002,8.35312,0.209791,89542
98,25,5156.17,20.1012,8.35367,0.203075,90053.1
98,25,5157.82,20.1187,8.35195,0.208882,89976.4
98,25,5160.04,20.1362,8.36021,0.198123,90506.2
98,25,5153.1,20.1168,8.35228,0.204435,89540.7
98,25,5165.66,20.2046,8.37219,0.203542,84105.5
99,25,5188.98,20.3538,8.41452,0.188942,79935.3
99,26,5176.62,20.2788,8.39122,0.202045,82697.9
99,26,5167.38,20.233,8.37765,0.221954,88483.3
99,26,5150.55,20.1417,8.34518,0.224499,89554.1
99,26,5171.78,20.2679,8.38737,0.233002,90902.5
99,26,5185.12,20.3421,8.40814,0.246586,91928.1
100,27,5208,20.473,8.44933,0.255141,93575.7
100,27,5219.89,20.5485,8.47155,0.252682,90079.5
100,27,5200.07,20.4566,8.43748,0.264054,93846.3
100,27,5216.17,20.5517,8.46998,0.270142,94795
100,27,5215.83,20.5531,8.46393,0.278465,95001.3
100,28,5227.6,20.6462,8.48908,0.26642,85975.8
101,28,5237.07,20.6978,8.50739,0.276868,89808.8
101,28,5213.47,20.5563,8.46083,0.278267,94569.6
101,28,5224,20.6245,8.48351,0.28274,94867
101,28,5231.28,20.6663,8.49867,0.285651,97076.8
101,29,5263.82,20.8551,8.55562,0.256337,88660.9
101,29,5275.21,20.9298,8.57688,0.260401,86870.3
102,29,5248.59,20.7786,8.5298,0.292781,96747.8
102,29,5243.92,20.7532,8.51807,0.299063,98554.5
102,29,5240.85,20.7355,8.51588,0.307583,98902.5
102,30,5301.1,21.1183,8.6204,0.279904,82234
102,30,5259.09,20.8759,8.54806,0.31448,93452.6
103,30,5277.49,20.9646,8.58097,0.326656,96041.9
103,30,5277.52,20.9663,8.57687,0.337543,99893.6
103,30,5287.16,21.0319,8.59615,0.337314,95971.1
103,31,5273.31,20.9739,8.5764,0.341624,97186.6
103,31,5274.61,20.9749,8.57449,0.356189,100505
103,31,5273.98,20.9749,8.57326,0.360501,100488
104,31,5273.2,20.9894,8.57462,0.368356,100753
104,31,5271.71,20.977,8.56924,0.371321,100099
104,32,5275.74,21.0088,8.57633,0.362059,99718.6
104,32,5284.99,21.066,8.59946,0.355571,100391
104,32,5279.63,21.0387,8.58765,0.359504,99605.4
105,32,5302.14,21.1652,8.62984,0.361996,101176
105,32,5312.9,21.2309,8.64638,0.372345,101498
105,33,5310.26,21.2197,8.64232,0.372685,100117
105,33,5314.74,21.2525,8.64685,0.381488,99399
105,33,5309.93,21.2175,8.63952,0.392005,101064
105,33,5317.55,21.2696,8.65046,0.393619,101287
106,33,5314.72,21.2616,8.64689,0.402613,101322
106,34,5307.92,21.2357,8.63504,0.413711,101131
106,34,5318.77,21.2955,8.65329,0.413691,101240
106,34,5311.59,21.2668,8.64497,0.428475,101515
106,34,5313.65,21.2817,8.64592,0.428563,101410
107,34,5331.59,21.3859,8.67698,0.439082,99490.7
107,34,5315.65,21.3009,8.6445,0.444176,101710
107,35,5327.85,21.3794,8.66841,0.439193,98857.8
107,35,5345.04,21.4762,8.69906,0.439157,101173
107,35,5347.45,21.4912,8.70234,0.445021,101157
108,35,5334.63,21.4242,8.68144,0.43022,100727
108,35,5336.05,21.4215,8.6833,0.43193,101025
108,36,5324.49,21.3774,8.66598,0.430165,101290
108,36,5354.82,21.5366,8.71935,0.453524,102438
108,36,5344.36,21.4889,8.70092,0.454882,101872
109,36,5377.09,21.6672,8.75686,0.468935,103972
109,36,5395.02,21.7637,8.78281,0.479367,102961
109,37,5402.42,21.8135,8.79892,0.488602,104580
109,37,5393.01,21.7749,8.78426,0.489023,102205
109,37,5374.26,21.6723,8.75244,0.490531,102491
110,37,5370.02,21.6562,8.74225,0.492366,103099
110,37,5383.03,21.7358,8.7626,0.508493,103570
110,37,5404.37,21.8435,8.79941,0.522184,104548
110,38,5379.67,21.7298,8.75435,0.51651,101558
110,38,5375.77,21.7069,8.75068,0.516495,102973
111,38,5362.78,21.6329,8.72601,0.501416,102331
111,38,5385.9,21.7639,8.76848,0.494261,99678.1
111,38,5380.96,21.7456,8.76001,0.491686,99545.9
111,39,5380.14,21.7348,8.76052,0.510226,103193
111,39,5384.14,21.7617,8.77032,0.518979,103795
112,39,5393.26,21.816,8.78216,0.519982,104721
112,39,5627.15,23.092,9.14934,0.418483,68881
112,39,5413.19,21.9169,8.81537,0.538485,104743
112,40,5555.68,22.7213,9.04358,0.4531,77878.1
112,40,5394.23,21.8296,8.78157,0.543127,104326
113,40,5403.58,21.8909,8.80021,0.547145,103931
113,40,5420.46,21.9827,8.82809,0.557095,103819
113,40,5410.79,21.9308,8.81012,0.552997,102717
113,40,5414.97,21.9615,8.81956,0.570201,103243
114,41,5419.12,21.9985,8.82548,0.57869,104585
114,41,5450.35,22.1556,8.87543,0.575485,99921.2
114,41,5440.37,22.1121,8.86152,0.588872,106032
114,41,5454.22,22.1774,8.88142,0.581546,102241
114,41,5464.9,22.2429,8.89492,0.565192,100074
115,42,5436.98,22.0988,8.85502,0.587065,106643
115,42,5483,22.3542,8.92658,0.555966,96975.3
115,42,5453.24,22.1936,8.87931,0.567239,101058
115,42,5486.84,22.3846,8.93319,0.54844,93964.9
116,42,5439.9,22.1234,8.85933,0.606792,107105
116,42,5478.22,22.3392,8.91633,0.566451,95749.9
116,43,5466.37,22.2777,8.90338,0.61561,105305
116,43,5459.14,22.2452,8.88988,0.624034,106400
116,43,5577.6,22.8902,9.07616,0.568699,87698.8
117,43,5524.8,22.596,8.99454,0.630186,101523
117,43,5529.33,22.6297,8.99965,0.639032,101385
117,44,5495.61,22.4665,8.95091,0.669309,106208
117,44,5519.76,22.5801,8.98974,0.68311,107578
118,44,5520.2,22.5812,8.99127,0.673457,105515
118,44,5539.64,22.6952,9.02149,0.675618,102342
118,44,5525.46,22.6195,8.9963,0.706964,109148
118,44,5538.56,22.7005,9.01673,0.712267,107755
119,45,5533.33,22.6686,9.00572,0.698769,105439
119,45,5545.67,22.7422,9.02129,0.69483,102330
119,45,5591.63,22.9928,9.09731,0.663223,93930.3
119,45,5550,22.7774,9.03754,0.687772,101494
120,45,5551.66,22.7766,9.03062,0.684968,100820
120,45,5529.43,22.6518,9.00157,0.727627,111324
120,46,5534.86,22.683,9.01056,0.719084,109691
120,46,5583.56,22.9492,9.08461,0.677547,98847.6
121,46,5541.37,22.7219,9.02237,0.717572,107977
121,46,5556.55,22.8127,9.0442,0.724368,106375
121,46,5537.13,22.7083,9.01548,0.755306,112361
121,46,5545.82,22.757,9.02905,0.758652,111490
122,47,5544.39,22.7529,9.02869,0.737866,108329
122,47,5550.09,22.7862,9.03606,0.744698,109643
122,47,5545.63,22.7717,9.03011,0.761318,110320
123,47,5537.75,22.7189,9.01833,0.781253,112522
123,47,5547.46,22.7766,9.03173,0.782509,111819
123,47,5543.09,22.7633,9.02707,0.799888,112775
123,48,5540.24,22.738,9.01891,0.780345,111598
124,48,5635.16,23.2605,9.15992,0.681847,88479.9
124,48,5575.09,22.9414,9.07338,0.755127,103304
124,48,5590.57,23.0224,9.09396,0.764952,102425
124,48,5565.29,22.8847,9.0546,0.779362,108577
125,48,5551.34,22.8166,9.03849,0.81504,112239
125,49,5555.14,22.8399,9.04298,0.813655,111809
125,49,5559.01,22.8539,9.04309,0.821763,112030
126,49,5569.53,22.9174,9.0642,0.812612,110019
126,49,5556.29,22.8507,9.04138,0.825433,112030
126,49,5575.13,22.9432,9.07004,0.845407,112366
126,49,5565.11,22.8914,9.05193,0.841084,111978
127,50,5570.88,22.9282,9.06029,0.845543,111960
127,50,5569.43,22.9298,9.06329,0.836651,111026
127,50,5560.6,22.8892,9.05306,0.842537,111656
128,50,5576.81,22.9676,9.07426,0.837888,112034
128,50,5579.57,22.9794,9.07678,0.82832,111780
128,50,5587.56,23.0266,9.09253,0.839377,112462
129,51,5585.46,23.007,9.08675,0.837444,112454
129,51,5586.1,23.0226,9.08981,0.843788,112094
129,51,5603.67,23.1044,9.11275,0.862233,112407
129,51,5596.2,23.0836,9.10115,0.856619,111937
130,51,5613.77,23.1678,9.13479,0.881667,112928
130,51,5613.67,23.1634,9.13111,0.873982,113247
130,51,5605.65,23.1278,9.11592,0.875493,112415
131,52,5614.14,23.1699,9.12728,0.893532,113461
131,52,5614.89,23.187,9.13307,0.893138,113132
131,52,5621.6,23.2134,9.13904,0.90692,113833
132,52,5618.24,23.2073,9.13652,0.907632,113023
132,52,5623.16,23.2281,9.14361,0.911454,113790
132,52,5611.28,23.1721,9.1261,0.9142,112898
133,53,5617.43,23.2128,9.13571,0.926242,113863
133,53,5620.94,23.2207,9.13938,0.925848,113302
133,53,5616.8,23.2107,9.13247,0.921821,113867
134,53,5619.45,23.2207,9.13467,0.933299,113522
134,53,5608.81,23.1657,9.12013,0.920789,112775
134,53,5609.6,23.172,9.12185,0.907041,112811
135,53,5622.06,23.2255,9.14026,0.911194,112875
135,54,5620.53,23.2247,9.13854,0.910401,112771
135,54,5645.75,23.3536,9.17981,0.931673,114000
136,54,5630.85,23.2795,9.15614,0.917723,113184
136,54,5633.15,23.3004,9.15973,0.920851,113257
136,54,5635.78,23.3107,9.16194,0.927876,113488
137,54,5650.77,23.3862,9.1852,0.944553,114215
137,54,5644.81,23.3584,9.17782,0.949931,114313
138,54,5641.23,23.3408,9.1724,0.948621,114385
138,55,5611.49,23.1979,9.12948,0.937467,112543
138,55,5627.19,23.2813,9.14568,0.941496,112460
139,55,5636.12,23.3186,9.16306,0.938869,111569
139,55,5628.03,23.2753,9.14899,0.956164,114078
139,55,5633.23,23.3208,9.16088,0.927865,109157
140,55,5618.18,23.2288,9.13327,0.956628,112623
140,55,5645.87,23.3734,9.17728,0.981712,114610
141,56,5628.73,23.285,9.15134,0.961026,112079
141,56,5680.84,23.5709,9.22727,0.917497,103730
141,56,5657.45,23.4388,9.19326,0.963928,110622
142,56,5644.04,23.3682,9.1725,0.976081,113564
142,56,5647.04,23.3929,9.17952,0.974628,114563
142,56,5645.65,23.38,9.17498,0.970247,115011
143,56,5681.49,23.5619,9.22909,0.922124,106462
143,56,5658.53,23.4485,9.19328,0.931572,109122
144,57,5661.24,23.4707,9.19393,0.898948,103610
144,57,5625.51,23.2851,9.14733,0.939072,110466
144,57,5620.28,23.2643,9.141,0.953549,112620
145,57,5631.93,23.3161,9.15213,0.973011,113861
145,57,5642.04,23.3653,9.16966,0.986851,114732
146,57,5658.2,23.4491,9.19399,0.994078,113725
146,57,5635.99,23.3435,9.1583,0.982706,113366
146,57,5627.92,23.2988,9.14724,0.996662,114363
147,57,5639.03,23.3563,9.16296,0.981872,111944
147,58,5649.16,23.416,9.18033,0.979029,110818
148,58,5634.95,23.339,9.16063,1.00467,114236
148,58,5615.8,23.2512,9.1272,0.990592,112734
149,58,5619.95,23.266,9.13506,0.987401,112130
149,58,5610.41,23.2151,9.12203,0.9795,113039
149,58,5629.46,23.3088,9.14987,0.987747,113398
150,58,5633.75,23.327,9.15331,0.973994,112925
150,58,5612.86,23.2329,9.12809,0.965745,113179
151,58,5644.44,23.3843,9.17013,0.995803,115133
151,58,5664.67,23.4952,9.20279,0.96403,109388
152,59,5652.84,23.44,9.18747,0.976681,110940
152,59,5654.62,23.4375,9.18663,0.999957,113076
153,59,5639.17,23.3743,9.16865,0.974991,110443
153,59,5616.25,23.2509,9.12979,0.973688,112516
153,59,5659.46,23.4713,9.19739,1.0038,111986
154,59,5662.4,23.4851,9.19935,1.01374,113500
154,59,5656.72,23.4547,9.18873,0.961856,106315
155,59,5645.72,23.4065,9.17155,0.92887,102880
155,59,5647.8,23.4169,9.17945,0.987394,110424
156,59,5703.79,23.723,9.26029,0.927923,98470.4
156,59,5651.88,23.433,9.18182,1.02126,113751
157,59,5644.13,23.39,9.17277,1.04726,116128
157,60,5672.41,23.5381,9.2092,1.02513,111372
158,60,5652.96,23.4379,9.1864,1.05089,116812
158,60,5672.66,23.5484,9.21118,1.01238,110583
159,60,5645.75,23.3947,9.17171,1.03569,117212
159,60,5679.72,23.5931,9.22354,0.917829,100267
160,60,5643.85,23.3946,9.16846,1.01239,114361
160,60,5637.13,23.3568,9.16023,0.997383,113766
161,60,5646.24,23.4055,9.17208,0.999415,113458
161,60,5685.09,23.6137,9.23016,0.965013,106220
161,60,5687.72,23.623,9.23475,0.95789,105398
162,60,5668.55,23.5153,9.20483,1.01213,112557
162,60,5660.9,23.4803,9.19813,1.03111,114501
163,60,5659.58,23.4843,9.19624,1.03469,115217
163,60,5648.41,23.4249,9.17945,1.0283,113995
164,60,5663.75,23.508,9.20067,1.00803,109978
164,61,5653.23,23.448,9.18821,1.02551,113477
165,61,5657.5,23.4632,9.18795,1.03795,113908
165,61,5669.11,23.5385,9.2147,1.04905,114164
166,61,5660.99,23.5019,9.19755,1.04596,113746
166,61,5667.99,23.5249,9.20722,1.04993,113915
167,61,5665.29,23.5135,9.20497,1.04491,113728
167,61,5673.05,23.5509,9.21671,1.03113,114296
168,61,5656.42,23.4692,9.19372,1.01835,113550
168,61,5660.08,23.4864,9.1995,1.01534,113710
169,61,5661.26,23.4921,9.2003,1.01776,113084
169,61,5663.33,23.4977,9.20446,1.0115,113345
170,61,5669.21,23.5181,9.20729,1.01612,113401
171,61,5676.75,23.5679,9.22351,1.02903,113472
171,61,5670.87,23.5377,9.21339,1.02384,113673
172,61,5669.52,23.535,9.21465,1.03002,113670
172,61,5673.24,23.5445,9.2176,1.02902,113462
173,61,5682.3,23.6003,9.23395,1.03703,112503
173,61,5677.7,23.5836,9.22993,1.04777,113788
174,61,5677.32,23.5712,9.22487,1.03815,113579
174,61,5678.98,23.5844,9.22365,1.02788,112325
175,61,5675.1,23.568,9.22183,1.02238,111401
175,61,5682.85,23.5983,9.22958,1.04243,112385
176,61,5699.83,23.6833,9.25699,1.04524,112044
176,61,5679.72,23.587,9.22591,1.04045,112956
177,61,5673.12,23.5427,9.21421,1.03367,113706
177,61,5679.03,23.5763,9.22814,1.03618,114309
178,61,5676.1,23.5608,9.21919,1.02174,113939
178,61,5662.05,23.4803,9.20107,0.998527,112798
179,61,5660.48,23.4855,9.20169,1.00029,112681
179,61,5662.09,23.481,9.20257,0.992763,111987
180,61,5659.32,23.4688,9.19702,0.996207,112953
180,61,5668.51,23.5133,9.21304,1.01318,113827
181,61,5664.01,23.4944,9.20655,1.01535,113768
181,61,5659.61,23.472,9.19965,1.00427,113444
182,61,5649.07,23.4186,9.18235,1.00617,113441
182,61,5652.04,23.432,9.1867,1.00169,112456
183,61,5651.63,23.4278,9.18465,1.0166,112953
184,61,5652.78,23.4351,9.18819,1.00908,113792
184,61,5671.34,23.5212,9.21153,1.03055,114484
185,61,5670.05,23.5274,9.20992,1.02866,114391
185,61,5659.86,23.4681,9.19915,1.02463,113179
186,61,5668.55,23.5149,9.21086,1.0149,112718
186,61,5661.61,23.4779,9.20307,1.00148,112577
187,61,5645.95,23.4011,9.17878,1.00478,113874
187,61,5640.25,23.3681,9.16898,0.989425,113016
188,61,5654.62,23.4436,9.19124,0.979214,112982
188,61,5646.45,23.3979,9.18157,0.97738,113081
189,61,5656.23,23.4398,9.19216,0.98489,113867
189,61,5657.64,23.4461,9.19641,0.98757,113561
190,61,5649.2,23.4004,9.17706,0.976527,112649
190,61,5660.42,23.4649,9.19953,0.977424,112743
191,61,5650.45,23.4124,9.18164,0.979474,112627
191,61,5651.56,23.4231,9.18494,0.983165,113599
192,61,5647.42,23.3935,9.17774,0.976047,112208
192,61,5657.65,23.4451,9.19471,0.986639,112820
193,61,5666.39,23.492,9.2069,0.970797,111020
193,61,5660.87,23.4648,9.1976,0.974079,110986
194,61,5666.6,23.4941,9.20593,0.981692,111372
194,61,5656.94,23.4369,9.19285,0.990888,113084
195,60,5672.57,23.5344,9.21605,0.952263,106931
195,60,5646.6,23.3753,9.17227,0.97826,112871
196,60,5655.42,23.428,9.19118,0.943456,109344
196,60,5651.81,23.4153,9.18782,0.927321,108757
197,60,5649.76,23.4019,9.18339,0.92428,109674
197,60,5657.85,23.4368,9.19607,0.917585,109388
198,60,5640.62,23.3507,9.17055,0.929026,111468
198,60,5652.59,23.4083,9.18505,0.910937,108800
199,60,5657.6,23.4231,9.18927,0.902918,107845
199,60,5672.52,23.5082,9.21236,0.900602,106218
200,60,5664.52,23.4653,9.20514,0.917995,109016
200,60,5683.19,23.5689,9.22933,0.873714,101331
201,60,5692.06,23.6178,9.24097,0.862167,98677.6
201,60,5685.68,23.5679,9.23062,0.874558,101385
202,60,5702.08,23.6566,9.25028,0.860039,97433.7
202,60,5693.44,23.6181,9.23747,0.860497,98858.9
203,59,5679.86,23.5467,9.21995,0.869966,100597
203,59,5674.42,23.5107,9.21638,0.900905,103711
203,59,5659.33,23.4302,9.19218,0.912617,107429
204,59,5636.93,23.3195,9.16109,0.924026,112247
204,59,5664.68,23.4587,9.20027,0.885468,104478
205,59,5700.04,23.6491,9.25793,0.82703,96744
205,59,5679.15,23.5167,9.22322,0.859374,103590
206,59,5647.59,23.3519,9.17818,0.90787,113515
206,59,5638.67,23.3044,9.16881,0.903497,114288
207,59,5634.92,23.2908,9.16015,0.895812,113198
207,59,5631.23,23.2699,9.15801,0.906911,114585
208,59,5627.61,23.2414,9.14778,0.909984,115250
208,58,5627.14,23.242,9.15065,0.908278,115402
208,58,5622.37,23.2242,9.14656,0.907002,115180
209,58,5649.06,23.3555,9.18182,0.86183,107542
209,58,5645.17,23.3376,9.17523,0.860265,107464
210,58,5620.01,23.2091,9.13476,0.87148,109422
210,58,5663.18,23.4256,9.19602,0.824645,100341
211,58,5631.92,23.2664,9.158,0.85322,107395
211,58,5599.41,23.0963,9.10955,0.879301,113081
211,58,5642.42,23.3247,9.17575,0.846666,104691
212,57,5650.92,23.3608,9.1839,0.831317,103207
212,57,5640.77,23.307,9.16949,0.834387,104649
213,57,5620.72,23.197,9.13926,0.823896,106505
213,57,5611.14,23.1343,9.12314,0.8429,110767
214,57,5643.18,23.3041,9.16853,0.81239,105567
214,57,5592.11,23.0308,9.09587,0.858478,116689
214,57,5643.33,23.3058,9.17336,0.794343,104080
215,57,5639.65,23.2841,9.16804,0.787286,103298
215,57,5623.18,23.1806,9.14653,0.863587,117441
216,56,5619.11,23.1643,9.13871,0.861301,116531
216,56,5637.75,23.266,9.16752,0.841383,111644
216,56,5638.69,23.2781,9.16981,0.820683,108072
217,56,5634.34,23.2431,9.15535,0.800255,106197
217,56,5663.12,23.4054,9.19934,0.777955,99789.5
218,56,5606.28,23.0941,9.11682,0.842295,114862
218,56,5598.25,23.0511,9.10977,0.857367,117365
218,56,5592.01,23.0189,9.09721,0.841224,115391
219,56,5591.92,23.0093,9.09389,0.823378,112201
219,55,5590.61,22.998,9.09314,0.846111,116992
219,55,5577.78,22.9426,9.07769,0.832398,116335
220,55,5593.04,23.0125,9.09592,0.799735,111469
220,55,5581.21,22.9369,9.08101,0.79912,114292
221,55,5578.53,22.9258,9.08059,0.792476,114632
221,55,5573.17,22.8903,9.06701,0.782336,114490
221,55,5563.61,22.8344,9.05535,0.765219,114369
222,54,5576.34,22.8994,9.07547,0.763041,114181
222,54,5591.04,22.9878,9.098,0.750488,108779
222,54,5596.27,23.0204,9.10407,0.747567,109117
223,54,5556.95,22.8138,9.04341,0.739105,111673
223,54,5538.99,22.7192,9.01493,0.750498,111874
223,54,5542.88,22.7285,9.02403,0.740194,111136
224,54,5536.84,22.6978,9.0136,0.730563,109808
224,54,5539.82,22.7078,9.01601,0.70107,104126
224,53,5609.06,23.0865,9.12185,0.655585,92095.9
225,53,5580.07,22.9303,9.07731,0.638668,92211.4
225,53,5609.23,23.1,9.12176,0.594619,82969.9
226,53,5640.98,23.2507,9.16453,0.592752,79906.6
226,53,5654.61,23.3288,9.1833,0.554031,75150.8
226,53,5676.43,23.4354,9.21143,0.530384,72284.2
227,53,5536.64,22.6888,9.01012,0.599597,92751.2
227,52,5505.52,22.5066,8.96459,0.637257,101846
227,52,5497.29,22.4533,8.95132,0.627558,104473
227,52,5535.69,22.6616,9.0111,0.598087,96865.8
228,52,5543.85,22.6966,9.02006,0.600467,96164
228,52,5605.07,23.0383,9.11132,0.555955,83895.6
228,52,5609.46,23.0537,9.12302,0.573932,87197.4
229,51,5521.49,22.57,8.98724,0.627539,103570
229,51,5553.14,22.7445,9.03412,0.589982,93259.1
229,51,5620.42,23.1096,9.13201,0.517322,76774
230,51,5685.01,23.4515,9.21873,0.469104,64920.9
230,51,5604.42,23.0308,9.10606,0.498025,74662
230,51,5606.63,23.0331,9.10741,0.504078,75788.3
231,51,5610.76,23.0504,9.11367,0.493504,74068.5
231,50,5566.25,22.8153,9.0523,0.516043,80762
231,50,5533.17,22.6191,9.00166,0.543703,88009
232,50,5550.61,22.7007,9.03253,0.540602,88933.8
232,50,5513.85,22.506,8.97354,0.57118,97066.9
232,50,5490.81,22.3825,8.9415,0.565994,99041.9
232,50,5489.23,22.3527,8.93141,0.561071,101330
233,49,5512.41,22.4822,8.96856,0.541523,98040.8
233,49,5502.33,22.4213,8.95305,0.543949,98929.3
233,49,5521.28,22.519,8.98756,0.550092,100148
234,49,5514.74,22.4772,8.97324,0.558367,103301
234,49,5509.62,22.4345,8.97003,0.572048,106648
234,49,5527.6,22.5354,8.99259,0.556975,101201
234,48,5530.96,22.5586,8.99892,0.554248,100384
235,48,5536.06,22.5828,9.0105,0.549884,100540
235,48,5576.78,22.8016,9.06849,0.521427,90872.4
235,48,5546.38,22.6322,9.02668,0.551094,99220.1
236,48,5535.64,22.5717,9.01121,0.570723,105068
236,48,5513.09,22.4479,8.97358,0.587803,110552
236,47,5520.62,22.4804,8.99015,0.582188,109608
236,47,5522.08,22.4893,8.98531,0.576338,106616
237,47,5507.13,22.4042,8.96363,0.584399,110050
237,47,5502.18,22.3792,8.95573,0.585157,113459
237,47,5501.95,22.3722,8.95559,0.57011,110942
237,47,5490.85,22.307,8.93954,0.55685,111193
238,46,5505.89,22.379,8.97,0.539113,110892
238,46,5513.12,22.4069,8.97579,0.540128,111641
238,46,5518.52,22.4417,8.98735,0.537589,109634
239,46,5514.14,22.4242,8.98103,0.521598,108723
239,46,5512.4,22.4011,8.9758,0.523304,108566
239,46,5507.5,22.3702,8.96422,0.527248,110065
239,45,5510.55,22.3937,8.97032,0.530982,109369
240,45,5494.91,22.3059,8.9483,0.527316,109875
240,45,5531.86,22.4991,9.00783,0.514423,104718
240,45,5507.88,22.3562,8.96351,0.515717,108159
240,45,5498.68,22.3094,8.95537,0.515361,108481
241,45,5497.25,22.2978,8.95146,0.515588,109136
241,44,5497.33,22.2848,8.94654,0.505444,108536
241,44,5491.86,22.2606,8.94279,0.496933,108836
241,44,5491.89,22.25,8.93994,0.493801,107704
242,44,5478.91,22.1795,8.91861,0.484423,108319
242,44,5473.99,22.1484,8.91564,0.468743,108133
242,44,5481.56,22.1829,8.92475,0.454994,107320
242,43,5477.55,22.1447,8.91412,0.448888,107304
242,43,5472.38,22.1241,8.91359,0.44785,108754
243,43,5465.18,22.0768,8.89828,0.443956,108302
243,43,5452.96,22.011,8.87541,0.449983,108500
243,43,5467.11,22.087,8.90229,0.438269,107292
243,42,5455.65,22.0179,8.88248,0.441577,108705
244,42,5489.63,22.1879,8.93543,0.435214,103938
244,42,5462.35,22.0492,8.88792,0.423185,103669
244,42,5490.48,22.1888,8.93365,0.420543,99619.6
244,42,5455.07,21.9938,8.87814,0.430001,108707
245,42,5452.85,21.9815,8.87241,0.427067,107105
245,41,5440.61,21.9189,8.85399,0.423666,107562
245,41,5434.78,21.8829,8.84667,0.421925,107453
245,41,5426.27,21.8362,8.82957,0.416262,106746
245,41,5421.12,21.7853,8.82157,0.401872,106984
246,41,5427.88,21.8111,8.83155,0.393268,106856
246,40,5417.45,21.7647,8.81553,0.37038,104593
246,40,5410.03,21.7174,8.8054,0.367677,105543
246,40,5403.86,21.681,8.79732,0.372389,105429
247,40,5396.77,21.6328,8.77905,0.358478,105496
247,40,5395.33,21.6171,8.77729,0.357934,105953
247,40,5376.12,21.5193,8.74376,0.352628,104638
247,39,5389.79,21.5756,8.76982,0.353999,105792
247,39,5382.94,21.5432,8.75736,0.347131,104733
248,39,5388.59,21.556,8.76362,0.354728,105609
248,39,5385.67,21.5347,8.75979,0.345789,105592
248,39,5402.48,21.6172,8.78876,0.353735,107169
248,38,5397.75,21.5907,8.78594,0.350074,107109
248,38,5399.91,21.5938,8.78676,0.350814,106672
249,38,5392.24,21.553,8.77261,0.355226,105838
249,38,5366.43,21.4091,8.72786,0.340129,105108
249,38,5374.83,21.4405,8.74511,0.338107,106552
249,37,5375.56,21.4286,8.74325,0.332909,107838
249,37,5348.11,21.2815,8.69822,0.316711,105573
250,37,5358.5,21.3246,8.71728,0.313527,107570
250,37,5342.55,21.2357,8.68616,0.307866,105503
250,37,5361.5,21.3222,8.72374,0.2941,106603
250,37,5351.25,21.264,8.70338,0.286512,105133
250,36,5330.13,21.141,8.65972,0.278026,102847
251,36,5349.07,21.2414,8.69574,0.288266,104662
251,36,5343.44,21.2069,8.6891,0.279762,104183
251,36,5351.59,21.2341,8.70274,0.282654,105018
251,36,5343.69,21.1916,8.68719,0.276024,104530
251,35,5351.27,21.2138,8.69658,0.269315,104870
252,35,5328.1,21.0938,8.65906,0.268588,103075
252,35,5326.35,21.0712,8.65175,0.263847,103592
252,35,5320.74,21.0388,8.64657,0.267417,102733
252,35,5308.77,20.9663,8.62081,0.259876,102211
252,34,5318.86,21.0121,8.64362,0.253323,102803
253,34,5316.09,20.9887,8.63639,0.257786,103911
253,34,5307.95,20.9315,8.61973,0.250946,103349
253,34,5292.96,20.8445,8.5966,0.242422,102957
253,34,5292.3,20.8246,8.59439,0.232507,102602
253,33,5271.18,20.7048,8.56191,0.221923,102441
254,33,5269.49,20.6755,8.55529,0.210299,102631
254,33,5265.72,20.6511,8.54927,0.206632,102140
254,33,5260.91,20.6184,8.5385,0.200713,101979
254,33,5265.96,20.6334,8.54623,0.204308,102586
254,33,5255.95,20.5594,8.53006,0.202496,102470
254,32,5237.89,20.4564,8.49711,0.190712,100601
255,32,5235.81,20.4394,8.49806,0.194461,100716
255,32,5236.43,20.4321,8.49438,0.193442,100968
255,32,5230.55,20.3915,8.48093,0.192737,100996
255,32,5219.31,20.3168,8.46108,0.192164,100905
255,31,5209.15,20.255,8.44337,0.182833,100099
256,31,5200,20.1942,8.4247,0.181005,99291
256,31,5215.07,20.2601,8.45103,0.183655,100886
256,31,5200.99,20.1826,8.42498,0.179905,100066
256,31,5210.44,20.2265,8.44207,0.17972,100794
256,30,5208.5,20.198,8.43591,0.172447,99988.6
256,30,5207.77,20.1785,8.43381,0.172053,100693
257,30,5192.24,20.0797,8.40368,0.165128,99886.3
257,30,5173.76,19.9691,8.37332,0.146926,99137
257,30,5169.57,19.9343,8.36672,0.136515,98270.2
257,29,5172.16,19.9369,8.3686,0.13571,97637.2
257,29,5166.07,19.8841,8.35935,0.13176,97614.4
258,29,5158.62,19.8376,8.34326,0.123648,97323.6
258,29,5152.06,19.7925,8.33404,0.124373,96529.8
258,29,5134.87,19.6873,8.29951,0.130503,95808.9
258,28,5131.29,19.6485,8.28932,0.127895,95387.9
258,28,5122.63,19.5838,8.27413,0.120413,94833.2
258,28,5110.59,19.5058,8.25172,0.124846,93687.1
259,28,5103.86,19.4668,8.23809,0.119505,93465.8
259,28,5097.58,19.4132,8.22106,0.120852,93468
259,27,5094.99,19.3787,8.21244,0.118699,94025.4
259,27,5074.77,19.2562,8.17717,0.113054,93614.4
259,27,5070.73,19.2164,8.16608,0.114235,93457
259,27,5066.46,19.1828,8.15659,0.115221,92509.4
260,27,5069.3,19.1798,8.16297,0.111933,92261.5
260,26,5058.05,19.1027,8.1416,0.105385,91351.5
260,26,5054.89,19.0696,8.1308,0.0939856,90750.6
260,26,5048.9,19.0219,8.12014,0.0822631,89458.4
260,26,5045.31,18.9858,8.11176,0.0862171,88948
260,26,5038.85,18.9307,8.10033,0.0722591,90191.8
261,25,5040.91,18.9266,8.10048,0.0769341,89993.3
261,25,5032.58,18.8637,8.08271,0.0670284,88603.5
261,25,5017.56,18.7713,8.05157,0.0763224,86426.2
261,25,5009.32,18.7161,8.03372,0.0709838,84099.8
261,25,5000.29,18.6453,8.01831,0.0711347,83378.8
261,24,4990.03,18.5706,7.99721,0.0683224,83845.9
262,24,4976.42,18.4747,7.96411,0.071611,83840.9
262,24,4978.92,18.4721,7.96792,0.0622205,81466.3
262,24,4975.47,18.4462,7.96628,0.072625,81723.4
262,24,4956.31,18.2958,7.9181,0.0745912,86080.2
262,24,4945.85,18.2144,7.89718,0.0641893,86179.4
262,23,4923.19,18.0709,7.85121,0.0609708,87504.8
263,23,4910.05,17.9625,7.82175,0.0691473,86968.4
263,23,4900.73,17.8986,7.80467,0.0645778,86305.3
263,23,4890.5,17.8198,7.77739,0.0629082,84526.3
263,23,4885.24,17.7713,7.76747,0.066181,83777.4
263,22,4886.51,17.7614,7.76478,0.0435265,82073.4
263,22,4891.81,17.7719,7.77101,0.0410552,79156.8
263,22,4866.69,17.6119,7.72128,0.0346934,80690.7
264,22,4860.86,17.5409,7.70968,0.0333892,81340
264,22,4839.22,17.3816,7.65756,0.0263319,82213.4
264,21,4832.48,17.3342,7.6476,0.0260457,81326.3
264,21,4824.31,17.2641,7.62503,0.0346675,80579.7
264,21,4814.61,17.1878,7.59917,0.032467,80391.7
264,21,4802.96,17.0856,7.57059,0.0351346,80833
265,21,4789.4,16.9851,7.54244,0.0302351,80094.4
265,20,4781.23,16.9165,7.52032,0.0322347,78581.4
265,20,4772.2,16.8348,7.49346,0.0315401,77034.6
265,20,4759.44,16.7435,7.46557,0.0323512,75950.8
265,20,4749.99,16.6694,7.44813,0.0339673,75290.2
265,20,4737.68,16.566,7.41069,0.0526424,74438.7
266,19,4719.06,16.446,7.37408,0.0298129,72938.1
266,19,4706.34,16.3336,7.34078,0.0293882,73216.4
266,19,4691.74,16.2189,7.30609,0.0343022,73811.7
266,19,4680.48,16.116,7.27427,0.0285481,73293.7
266,19,4661.2,15.9844,7.2322,0.0247266,71996.9
266,18,4646.09,15.8585,7.19019,0.0137659,70837.1
266,18,4631.19,15.747,7.15438,0.0117393,70299.6
267,18,4614.53,15.6143,7.11571,0.00727893,68879.2
267,18,4610.01,15.5597,7.09713,0.00831133,66394.3
267,18,4593.76,15.4332,7.05531,0.0078673,66710.6
267,17,4573.23,15.281,7.00611,0.0125953,66825.3
267,17,4557.67,15.156,6.96457,0.0166855,65590.9
267,17,4542.77,15.0388,6.92085,0.00579612,63866.9
268,17,4525.76,14.9178,6.88257,0.00559739,61867.7
268,17,4510.19,14.802,6.83882,0.0141457,60290.9
268,16,4493.6,14.6627,6.79067,0.0059627,59255.3
268,16,4483.32,14.5837,6.76595,0.0121641,57183.6
268,16,4470.55,14.4865,6.72709,0.00909238,54670.6
268,16,4453.03,14.3556,6.68362,0.0146829,53388.2
268,16,4439.93,14.2579,6.64475,0.0155759,51888.2
269,15,4425.1,14.1371,6.60635,0.0155801,50084.9
269,15,4409.22,14.0104,6.56094,0.00959072,49070.8
269,15,4395.35,13.8834,6.5199,0.0151388,48249.1
269,15,4375.07,13.7278,6.46329,0.00925091,47444
269,15,4355.37,13.5598,6.4079,0.00478096,47006.2
269,14,4338.91,13.438,6.36397,0.00126376,45802
269,14,4320.92,13.3005,6.31363,0.0027944,44486.4
270,14,4302.34,13.1462,6.25521,-0.000385597,43587.9
270,14,4278.84,12.9671,6.18836,0.00203339,42291.1
270,14,4254.13,12.7988,6.12265,0.00175089,41175.2
270,13,4234.81,12.6554,6.0686,-0.000848392,39805.1
270,13,4219.47,12.5291,6.01403,0.000418834,38322.2
270,13,4194.62,12.3478,5.9422,0.0015818,37095
271,13,4181.81,12.2496,5.9005,0.00235885,34936.9
271,13,4167.73,12.158,5.86278,0.00195661,32751.6
271,12,4170.94,12.1813,5.85969,0.00301932,29802.3
271,12,4206.04,12.4286,5.936,0.00241334,25701.4
271,12,4398.28,13.7622,6.38039,0.0045818,17743.5
271,12,4214.99,12.5307,5.9412,0.00478082,20827.9
271,12,4194.77,12.3933,5.87597,0.00576713,19804.2
272,11,4124.46,11.9236,5.69619,0.00539442,19925.8
272,11,4021.38,11.1976,5.42337,0.00631091,21409.3
272,11,3986.54,10.9567,5.32622,0.00456211,20919.6
272,11,3958.94,10.7766,5.24216,0.00523636,20043.9
272,11,3887.59,10.2751,5.04446,0.00493638,20803.3
272,10,3983.47,10.9511,5.28138,0.0054978,16560.3
272,10,3957.59,10.7946,5.21019,0.00607925,15817.4
273,10,3996.92,11.074,5.29665,0.00463201,13951.6
273,10,3982.62,10.9912,5.25004,0.00485401,13226.4
273,10,4459.76,13.9619,6.34175,0.00429576,8317.51
273,9,4113.7,11.8767,5.54493,0.00448188,9998.43
273,9,4215.48,12.4892,5.76676,0.0042484,8731.01
273,9,4773.97,15.5952,6.92719,0.0017724,6008.02
274,9,5064.53,17.0097,7.46449,0.00144629,5090.77
274,9,5170.03,17.4628,7.62923,0.00130656,4674.66
274,8,5229.56,17.6775,7.70819,0.00161405,4348.27
274,8,5383.42,18.3345,7.94312,0.00112247,3924.45
274,8,5455.78,18.591,8.02794,0.00130717,3619.56
274,8,5503.28,18.7368,8.06861,0.000936681,3324.57
274,8,5561.53,18.9105,8.12313,0.00127683,3066.83
275,7,5639.95,19.1697,8.20791,0.000698639,2812.19
275,7,5735.2,19.4876,8.31342,0.000960556,2557.89
275,7,5833.18,19.7896,8.4197,0.000735287,2309.35
275,7,5943.45,20.1281,8.53215,0.00100426,2095.34
275,7,6061.09,20.4754,8.64615,0.000638398,1894.38
275,6,6203.44,20.89,8.78741,0.000721228,1707.19
275,6,6382.52,21.3935,8.96423,0.000650343,1515.32
276,6,6606.58,22.0357,9.19242,0.000829065,1347.72
276,6,6842.56,22.6569,9.4104,0.000504348,1200
276,6,7096.56,23.2578,9.62505,0.00059033,1071.06
276,5,7364.82,23.8413,9.83449,0.000474012,950.365
276,5,7661.34,24.4448,10.0582,0.000442669,840.178
276,5,8008.72,25.1223,10.3047,0.000343135,745.772
276,5,8385.23,25.7796,10.5497,0.000352041,659.709
277,5,8833.53,26.5207,10.8303,0.000312046,581.931
277,4,9339.96,27.3058,11.1261,0.00035135,506.079
277,4,10069.4,28.3734,11.5303,0.000243768,439.543
277,4,11053.4,29.6508,12.0175,0.000204623,378.569
277,4,12239.7,30.9328,12.5048,0.000227469,325.218
277,4,13191.9,31.6975,12.8247,0.000220543,284.186
278,3,13891.3,32.0783,13.0086,0.00020057,251.143
278,3,14417.9,32.2361,13.1038,0.000176475,222.143
278,3,14880.1,32.2745,13.1566,0.000126429,195.963
278,3,15273,32.2474,13.177,0.00012219,171.937
278,3,15681.5,32.1793,13.1782,0.000127847,149.995
278,2,16045.6,32.0376,13.1493,0.000107645,129.267
278,2,16321.1,31.8329,13.1009,0.000111606,111.39
279,2,16612.7,31.6199,13.0369,0.0000992,95.3231
279,2,17009,31.4474,12.9918,0.0000785,80.847
279,2,17482.2,31.3387,12.9548,0.0000631,67.9886
279,1,18188.9,31.3291,12.9663,0.0000643,56.62
279,1,19282.9,31.4661,13.0154,0.0000429,46.0355
279,1,20489,31.6367,13.079,0.0000325,37.6025
279,1,22031.8,31.8808,13.1682,0.0000298,30.5745
280,1,23553,32.1202,13.2427,0.0000255,24.6757
280,0,25249.3,32.3924,13.333,0.0000118,19.8505
280,0,27151.6,32.7561,13.446,0.0000116,15.8967
280,0,29754.4,33.2178,13.574,0.00000583,12.6453
280,0,33275.2,33.8041,13.7553,0.00000782,10.0114
280,0,38070.4,34.4488,13.9491,-0.000000147,7.90842
280,0,44577,35.0782,14.1515,0.000004,6.24594
281,0,45306.6,39.5215,17.8466,-0.0000173,0.135555
281,0,33881.7,41.2185,18.9822,-0.0000123,0.0939974
281,0,30050,41.9015,20.5971,-0.0000142,0.0782276
281,0,24934.4,42.7404,22.2943,-0.00000838,0.0660745
281,-1,21470.6,44.5133,24.8758,-0.0000156,0.0561827
281,-1,20088.4,46.0592,26.5016,-0.0000153,0.04875
282,-1,18701,48.2979,28.6566,-0.0000143,0.0423203
282,-1,18959.1,58.8313,46.0382,-0.0000211,0.0356785
282,-1,14672.6,71.7716,55.6358,-0.0000198,0.0304315
282,-2,15690.3,90.6319,82.5057,-0.0000142,0.0274553
282,-2,10012.9,254.905,270.897,-0.0000144,0.0244463
282,-2,8630.17,89.7219,111.185,-0.00000893,0.0262866
282,-2,11765.9,-36.8879,-86.8274,-0.0000106,0.0192799
283,-2,8034.82,-34.5057,-78.8923,-0.0000148,0.0196404
283,-3,9641.69,-5.96888,-55.2226,-0.00000947,0.016781
283,-3,9762.25,-13.6505,-37.3385,-0.00000856,0.0145068
283,-3,7031.54,2.03046,-26.8271,-0.0000228,0.0172795
283,-3,7068.84,-12.4248,-42.1437,-0.0000104,0.0183979
283,-3,5479.31,15.0683,-17.3374,-0.0000186,0.0126522
284,-3,6536.69,9.78336,-23.5363,-0.00000842,0.0161315
284,-4,5360.47,12.9089,-13.3098,-0.0000137,0.0135177
284,-4,4708.65,20.2285,-9.21441,-0.0000155,0.0138762
284,-4,8077.34,16.213,-11.1178,-0.0000124,0.0108214
284,-4,5928.46,15.4023,-12.2838,-0.0000155,0.0106423
284,-4,5754.95,19.9871,-12.4968,-0.000021,0.0125389
284,-5,6797.21,19.4088,-11.7713,-0.0000163,0.0115061
285,-5,5762.61,17.1174,-9.25044,-0.00000317,0.0104097
285,-5,4656.36,17.4872,-14.9687,-0.0000187,0.0134622
285,-5,6648.68,21.2207,-9.95579,-0.000022,0.0113365
285,-5,4994.5,20.3613,-9.67125,-0.0000169,0.0104416
285,-6,5288.13,18.9368,-13.2364,-0.0000239,0.0118264
285,-6,3617.81,16.3096,-8.34378,-0.0000106,0.0100572
286,-6,3976.15,11.7088,-9.59443,-0.00000935,0.011169
286,-6,6533.64,22.6831,-7.49946,-0.000021,0.00908846
286,-6,6634.64,16.1895,-16.6497,-0.0000143,0.0105311
286,-7,5408.54,21.7042,-8.5743,-0.0000178,0.0105654
286,-7,4691.21,23.8442,-8.75092,-0.000019,0.00805597
286,-7,4772.88,24.5114,-8.30966,-0.0000222,0.0119003
286,-7,3829.2,24.1318,-9.63573,-0.0000107,0.00973954
287,-7,5575.06,17.4245,-14.5881,-0.0000154,0.0120486
287,-8,4122.77,19.997,-7.46942,-0.0000215,0.00929158
287,-8,5206.68,20.481,-7.33797,-0.0000191,0.00758018
287,-8,4667.37,18.3625,-7.60315,-0.0000203,0.00807235
287,-8,5906.6,19.3975,-9.37162,-0.0000247,0.00926019
287,-8,4506.33,21.7682,-12.383,-0.0000188,0.0103986
288,-8,3330.21,19.9699,-5.52256,-0.0000111,0.00699314
288,-9,5203.49,23.0214,-8.75579,-0.0000222,0.010131
288,-9,3537.44,27.0382,-9.16228,-0.0000263,0.00914967
288,-9,6275.47,17.005,-7.92906,-0.0000195,0.007602
288,-9,6900.63,22.2796,-8.41317,-0.0000197,0.0103459
288,-9,4986.11,23.2629,-8.11436,-0.0000181,0.00742656
289,-10,5147,15.8508,-8.80515,-0.000019,0.00940081
