71,-16,3894.4,-4.23733,65.8848,0.00000222,9.9,0.0247245
72,-16,3195.53,-109.799,87.941,0.000000546,9.9,0.0238051
72,-16,3269.76,-210.695,184.784,0.000000102,9.8,0.0232
72,-15,3105.51,-1682.61,1979.36,0.00000139,9.8,0.0218874
72,-15,3683.42,-215.438,163.6,-0.00000203,9.8,0.0249812
72,-15,3629.62,-1117.94,458.982,0.00000451,9.8,0.0239162
72,-15,3484.66,129.412,-85.3606,0.00000109,9.8,0.0214716
73,-15,3833.35,491.527,-757.086,-0.00000396,9.8,0.0207404
73,-14,3671.96,120.32,-63.0651,-0.00000539,9.8,0.0198556
73,-14,3349.84,62.713,-24.1029,0.000000175,9.7,0.0185385
73,-14,3244.17,136.945,-49.7306,-0.00000541,9.7,0.0210064
73,-14,2819.87,86.2999,-44.4932,-0.00000199,9.7,0.0188221
73,-14,3794.59,63.9151,-63.6998,-0.00000277,9.7,0.0208307
74,-13,3481.37,112.58,-50.4058,-0.00000144,9.7,0.0201956
74,-13,3544.17,64.3938,-63.1261,0.00000256,9.7,0.0193274
74,-13,3210.16,42.7466,-18.2118,-0.00000803,9.7,0.0153578
74,-13,3348.91,70.424,-50.5085,-0.0000048,9.7,0.0192984
74,-13,3160.31,49.2741,-30.3672,-0.00000295,9.7,0.0190151
74,-12,3468.15,107.581,-41.4955,-0.0000109,9.7,0.0192973
75,-12,4672.83,50.4125,-51.4987,-0.0000109,9.7,0.0172244
75,-12,3749.4,55.8789,-38.6097,-0.00000389,9.6,0.0185097
75,-12,3677.25,48.7148,-34.5968,-0.00000474,9.6,0.0186959
75,-12,3803.6,41.6662,-39.9787,-0.0000114,9.6,0.0185473
75,-11,3253.8,49.1926,-11.4945,-0.00000143,9.6,0.0144552
75,-11,3002.12,33.2027,-38.0445,-0.00000377,9.6,0.0163021
75,-11,4379.78,-51.6187,-135.466,0.00000155,9.5,0.017937
76,-11,4069.05,41.4473,-40.3658,-0.00000816,9.4,0.0162718
76,-11,4600.46,54.3223,-79.5182,0.00000639,9.4,0.0200141
76,-11,5322.49,14.1572,-129.534,-0.000000887,9.4,0.0190676
76,-10,5589.41,109.237,197.794,-0.00000736,9.4,0.0208005
76,-10,6646.64,63.1694,84.9703,-0.00000644,9.4,0.0225615
76,-10,6860.82,41.9111,40.3676,-0.00000418,9.4,0.0255139
77,-10,8834.02,44.5692,35.3982,0.000000483,9.4,0.0266622
77,-10,8533.16,47.1513,31.5699,-0.00000575,9.4,0.0295464
77,-9,14032.5,37.806,28.8888,-0.00000212,9.3,0.0352955
77,-9,16161.8,38.6769,23.7285,-0.00000375,9.4,0.0409146
77,-9,18465.6,39.5906,20.0417,-0.00000153,9.3,0.0486126
77,-9,19236.5,35.2913,19.0239,-0.00000926,9.3,0.0587325
78,-9,25178.5,38.0695,17.7112,-0.00000882,9.3,0.0692998
78,-8,30564.4,37.4349,17.2399,-0.00000493,9.3,0.084405
78,-8,27346.5,36.2697,16.0235,-0.00000571,9.3,0.107223
78,-8,38919.7,36.3691,16.3975,-0.00000682,9.3,0.128554
78,-8,46864.1,36.4424,14.9989,-0.00000525,9.3,0.194894
78,-8,44084.4,34.9523,13.8844,-0.0000171,9.3,1.56302
78,-7,36248.4,34.3375,13.6081,0.00000176,9.3,1.99768
79,-7,30574.5,33.5969,13.3296,-0.00000384,9.3,2.56593
79,-7,25870.8,32.6676,13.0045,0.00000678,9.3,3.30896
79,-7,22279.9,31.6888,12.6476,-0.0000068,9.3,4.27448
79,-7,19699.5,30.8252,12.3552,-0.00000461,9.3,5.51553
79,-6,17830.3,30.1129,12.1191,-0.00000515,9.2,7.09936
79,-6,16693.7,29.6417,11.9702,0.00000349,9.2,9.08064
80,-6,15866.6,29.2995,11.8873,0.00000671,9.2,11.5441
80,-6,15276.8,29.0716,11.812,0.0000134,9.2,14.5656
80,-6,14843.6,28.9798,11.8075,0.0000256,9.2,18.2477
80,-5,14457.9,28.9465,11.8234,0.00002,9.2,22.7306
80,-5,14168.2,29.0252,11.8555,0.000023,9.2,28.1
80,-5,13922.3,29.1576,11.917,0.0000309,9.1,34.4851
80,-5,13706.2,29.3192,11.983,0.0000379,9.1,41.8912
81,-5,13534.4,29.5152,12.0569,0.0000468,9.1,50.4874
81,-4,13337.8,29.6688,12.1046,0.000059,9.1,60.4211
81,-4,13071,29.7274,12.1087,0.0000623,9.1,71.889
81,-4,12730.7,29.6851,12.068,0.0000781,9.1,85.0576
81,-4,12307.4,29.5119,11.979,0.0000922,9,100.085
81,-4,11833.5,29.2346,11.8479,0.000107057,9,117.325
82,-3,11325.6,28.8752,11.6843,0.000122004,9,136.998
82,-3,10786.3,28.4164,11.485,0.000121266,8.9,159.284
82,-3,10244.8,27.889,11.2617,0.000151543,8.9,184.779
82,-3,9696.88,27.2779,11.0162,0.000198937,8.9,214.925
82,-3,9236.68,26.7171,10.787,0.000199402,8.9,246.964
82,-2,8825.42,26.1777,10.5725,0.000246714,8.8,284.646
82,-2,8448.51,25.6231,10.355,0.00025362,8.8,324.118
83,-2,8120.06,25.1231,10.1663,0.000281976,8.8,367.489
83,-2,7834.52,24.6615,9.98835,0.000302857,8.8,414.369
83,-2,7601.44,24.277,9.84049,0.00033027,8.8,468.42
83,-1,7384.81,23.8925,9.69816,0.000319994,8.8,523.855
83,-1,7190.25,23.5337,9.56277,0.000374902,8.8,583.739
83,-1,7014.17,23.1979,9.4415,0.000387247,8.7,647.66
83,-1,6866.7,22.919,9.33166,0.000442143,8.7,720.72
84,-1,6716.91,22.6101,9.22155,0.000481377,8.7,793.686
84,0,6581.84,22.3222,9.12041,0.000543303,8.7,870.738
84,0,6454.89,22.0345,9.01377,0.000545084,8.7,951.72
84,0,6345.21,21.8091,8.93178,0.000523553,8.7,1047.36
84,0,6242.49,21.5586,8.84112,0.000558739,8.7,1137.09
84,0,6149.46,21.3278,8.75838,0.000683491,8.7,1231.94
85,0,6062.41,21.1235,8.68065,0.000688148,8.7,1331.23
85,0,5987.32,20.9586,8.62386,0.000707831,8.7,1445.68
85,0,5911.48,20.7596,8.55012,0.000722801,8.7,1556.89
85,0,5838.96,20.555,8.4849,0.000771723,8.7,1673.74
85,0,5768.38,20.3684,8.41589,0.000865934,8.7,1795.7
85,1,5711.22,20.22,8.36058,0.000912417,8.7,1935.35
85,1,5650.24,20.0379,8.29838,0.000981371,8.7,2070.37
86,1,5592.54,19.8726,8.24139,0.00111266,8.6,2212.11
86,1,5538.94,19.7039,8.18521,0.0012559,8.6,2360.76
86,1,5484.38,19.5297,8.12449,0.00129738,8.6,2516.77
86,2,5439.05,19.4061,8.07801,0.00119818,8.6,2694.59
86,2,5391.3,19.2428,8.02458,0.00136295,8.6,2863.54
86,2,5342.78,19.0853,7.96993,0.00134478,8.6,3039.71
86,2,5299.89,18.9396,7.91923,0.00154468,8.6,3222.53
87,2,5267.51,18.8383,7.8859,0.0017294,8.5,3427.41
87,3,5226.57,18.6957,7.83833,0.0018166,8.5,3620.29
87,3,5190.07,18.5642,7.79607,0.0018254,8.5,3819.69
87,3,5156.57,18.4465,7.75422,0.00201293,8.4,4024
87,3,5131.13,18.3696,7.72884,0.00218487,8.4,4256.69
87,3,5094.94,18.2259,7.67654,0.0024192,8.4,4481.33
88,4,5066.99,18.1277,7.64337,0.00278119,8.4,4705.42
88,4,5038.69,18.0163,7.60719,0.00275637,8.4,4940.53
88,4,5019.58,17.959,7.58577,0.00310985,8.4,5204.88
88,4,4990.05,17.8422,7.54761,0.00332243,8.4,5453.11
88,4,4966.24,17.7529,7.5165,0.00321623,8.4,5706.93
88,5,4942.45,17.658,7.48716,0.00380204,8.4,5965.52
88,5,4927.43,17.6192,7.47253,0.00376254,8.5,6250.89
89,5,4907.26,17.5419,7.44582,0.00355188,8.5,6522.79
89,5,4887.22,17.4647,7.42006,0.00421059,8.5,6803.97
89,5,4862.77,17.3636,7.38788,0.00448113,8.5,7103.83
89,6,4849.48,17.3154,7.37032,0.00481924,8.6,7435.94
89,6,4830.2,17.2354,7.34469,0.00512405,8.6,7741.78
89,6,4811.42,17.1532,7.31461,0.00575733,8.6,8071.84
89,6,4791.7,17.0733,7.29322,0.00536694,8.6,8404.94
90,6,4775.34,17.0035,7.26746,0.00622852,8.6,8749.15
90,7,4772.9,17.0157,7.27173,0.00623344,8.6,9111.6
90,7,4763.99,16.9888,7.26429,0.00612762,8.7,9435.07
90,7,4751.58,16.9368,7.24539,0.00646983,8.7,9797.26
90,7,4736.75,16.8667,7.22588,0.00653788,8.7,10199.1
90,7,4729.2,16.8485,7.22056,0.00745124,8.7,10641
91,8,4715.15,16.7823,7.20064,0.0073411,8.7,11032.4
91,8,4701.71,16.7253,7.18154,0.00828366,8.7,11423.6
91,8,4682.49,16.6299,7.15018,0.00840109,8.7,11862.3
91,8,4672.37,16.5861,7.13323,0.00833693,8.7,12310
91,8,4654.88,16.5063,7.10629,0.00914105,8.7,12759.8
91,9,4644.79,16.459,7.09079,0.0095725,8.7,13177.3
91,9,4636.69,16.4271,7.07902,0.0107213,8.7,13606
92,9,4638.11,16.4547,7.08957,0.0112372,8.7,14087.2
92,9,4635.18,16.4522,7.08823,0.0108221,8.7,14538.3
92,9,4628.63,16.4287,7.08427,0.0120308,8.7,15018.2
92,10,4627.15,16.4315,7.08853,0.0125609,8.7,15456.9
92,10,4631.73,16.4736,7.10468,0.01299,8.7,15961.9
92,10,4629.04,16.4741,7.10611,0.0132456,8.7,16481
92,10,4628.86,16.4829,7.11289,0.0138324,8.7,16977.8
93,10,4630.4,16.4943,7.12126,0.0144682,8.7,17478.1
93,11,4632.41,16.5111,7.12998,0.0152601,8.7,17979
93,11,4637.1,16.5581,7.14757,0.016141,8.7,18531
93,11,4641.85,16.5972,7.16663,0.0156008,8.7,19018.4
93,11,4642.91,16.6078,7.16913,0.0166505,8.7,19564.2
93,11,4642.6,16.6168,7.17516,0.0174904,8.7,20095
94,12,4648.9,16.6706,7.19565,0.0176516,8.8,20711.7
94,12,4650.52,16.6847,7.20317,0.0180242,8.8,21295.2
94,12,4647.04,16.674,7.20038,0.0187579,8.8,21965.6
94,12,4643.57,16.6637,7.20183,0.020767,8.8,22643.1
94,12,4650,16.7109,7.21677,0.0207771,8.9,23236.8
94,13,4652.85,16.7396,7.23014,0.0224819,8.9,23821.4
94,13,4652.61,16.7438,7.2303,0.0228749,8.9,24461
95,13,4657.48,16.7887,7.24677,0.0240064,9,25158.1
95,13,4658.27,16.7994,7.25091,0.0241857,9,25791.9
95,13,4658.48,16.8135,7.25655,0.0264399,9.1,26408.2
95,14,4669.21,16.8809,7.28247,0.0267802,9.1,26933.6
95,14,4673.44,16.9285,7.29296,0.0281571,9.1,27571
95,14,4676.95,16.9533,7.30339,0.0287256,9.1,28202.4
96,14,4682.27,16.998,7.32102,0.0300444,9.1,28802.9
96,14,4686.44,17.0233,7.33101,0.0299901,9.1,29428.8
96,15,4686.29,17.0305,7.33223,0.0311575,9.1,30237.1
96,15,4688,17.049,7.33934,0.0316915,9.1,30990.6
96,15,4688.08,17.0642,7.34058,0.0320399,9.1,31643.7
96,15,4691.43,17.089,7.35257,0.0326152,9.1,32269.8
96,15,4697,17.1296,7.36739,0.0361244,9.1,32937.4
97,16,4708.65,17.2132,7.39348,0.0385022,9.2,33507.1
97,16,4715.35,17.2583,7.41128,0.0373748,9.2,34179.9
97,16,4723.54,17.3124,7.43058,0.0410341,9.2,34810.6
97,16,4730.63,17.3638,7.44736,0.0401311,9.2,35404.3
97,16,4738.2,17.4199,7.46322,0.0422818,9.2,35969.3
97,17,4740.27,17.4457,7.47137,0.0435038,9.2,36485.4
98,17,4751.17,17.5169,7.4995,0.0447841,9.3,37170.8
98,17,4757.93,17.567,7.51665,0.0471279,9.3,37803.1
98,17,4766.16,17.6374,7.53668,0.0494567,9.4,38269.3
98,17,4771.67,17.6726,7.54983,0.0517873,9.4,39015.5
98,18,4781.83,17.7269,7.56792,0.0532859,9.5,39552.4
98,18,4786.73,17.774,7.58513,0.0560348,9.6,40039.3
99,18,4795.6,17.8382,7.60385,0.0549907,9.7,40746.6
99,18,4800,17.8686,7.61456,0.0592699,9.8,41539.7
99,18,4806.44,17.9164,7.63316,0.0606438,9.9,42499.6
99,19,4813.93,17.9661,7.64942,0.0636155,10,43109.1
99,19,4823.76,18.0403,7.67289,0.0656184,10.1,43550.3
99,19,4831.22,18.0889,7.68487,0.0672849,10.2,43985.4
100,19,4836.23,18.1241,7.70181,0.0684053,10.4,44558.6
100,19,4839.02,18.1549,7.70862,0.0698032,10.5,45120.8
100,20,4851.37,18.2368,7.73521,0.0730756,10.6,45679.5
100,20,4856.42,18.2738,7.74788,0.0712818,10.7,46116
100,20,4861.59,18.3075,7.76004,0.0708164,10.8,46753.4
100,20,4865.32,18.3346,7.76952,0.0727436,10.9,47610.2
100,20,4869.89,18.3635,7.7809,0.0731054,11,48178
101,20,4877.79,18.4198,7.79687,0.0755697,11.1,48520
101,21,4883.21,18.4622,7.80934,0.076778,11.2,49035.3
101,21,4888.87,18.5053,7.8216,0.0806472,11.3,49404.6
101,21,4894.66,18.549,7.8346,0.0832746,11.4,50004.1
101,21,4902.99,18.6052,7.85154,0.0847865,11.6,50267.4
101,21,4909.27,18.6475,7.86793,0.0885991,11.7,51320.7
102,22,4916.43,18.7018,7.88138,0.0904347,11.8,51694.3
102,22,4922.17,18.7387,7.89563,0.0930655,11.9,52520.7
102,22,4927.62,18.7836,7.90741,0.096192,11.9,52824
102,22,4930.36,18.8111,7.91445,0.0990303,12.1,53132.8
102,22,4937.53,18.8573,7.92775,0.101552,12.1,53750.1
102,23,4944.39,18.9014,7.94298,0.103825,12.2,53956.9
103,23,4951.72,18.9643,7.95965,0.10698,12.3,54649
103,23,4957.33,18.9981,7.97194,0.108527,12.4,55179.9
103,23,4965.45,19.0526,7.98899,0.111671,12.4,55621.8
103,23,4972.02,19.1042,8.00318,0.116351,12.6,56037.4
103,24,4982.31,19.166,8.0225,0.119309,12.6,56329.3
104,24,4988.04,19.2086,8.03882,0.12249,12.7,56974.3
104,24,4994.49,19.252,8.0501,0.126721,12.7,57407.9
104,24,4999.01,19.2787,8.05992,0.126646,12.8,58058.6
104,24,5004.87,19.3219,8.07196,0.130112,12.9,58541.6
104,25,5011.08,19.3688,8.08526,0.135069,12.9,58925.8
104,25,5017.72,19.4108,8.09887,0.137794,13,59404.8
105,25,5022.2,19.447,8.10761,0.142431,13.1,59918.6
105,25,5027.01,19.4765,8.1181,0.144871,13.1,60328.2
105,25,5036.13,19.5413,8.13774,0.148796,13.1,61091.4
105,26,5044.17,19.5859,8.15028,0.152566,13.2,61723
105,26,5046.76,19.6053,8.15487,0.154026,13.3,61860.2
105,26,5047.88,19.6185,8.15836,0.156138,13.3,62235.4
106,26,5053.37,19.6633,8.16908,0.159488,13.3,62817
106,26,5059.07,19.6924,8.18055,0.164208,13.3,63517.9
106,27,5064.35,19.7253,8.18852,0.167216,13.4,64039.9
106,27,5064.83,19.7368,8.1903,0.172214,13.4,64189.4
106,27,5069.81,19.7798,8.20072,0.17254,13.5,64342.9
106,27,5073.9,19.797,8.20893,0.172936,13.5,64838.4
107,27,5071.38,19.7945,8.2086,0.169665,13.6,65220.3
107,27,5074.94,19.8213,8.21445,0.172244,13.6,65926.5
107,28,5083.46,19.8701,8.22721,0.167508,13.7,66221
107,28,5089.52,19.9184,8.24298,0.167976,13.7,66425.9
107,28,5095.75,19.9539,8.25201,0.178696,13.7,66954.7
108,28,5104.81,20.009,8.27147,0.186277,13.8,67405
108,28,5110.56,20.0632,8.28619,0.191612,13.8,67631.4
108,29,5117.4,20.0948,8.29018,0.193294,13.8,68403.7
108,29,5120.22,20.116,8.30092,0.202695,13.8,68799.7
108,29,5121.13,20.125,8.30445,0.203729,13.8,69376.4
109,29,5121.43,20.1344,8.30269,0.216252,13.7,69642.1
109,29,5129.6,20.1911,8.31827,0.219626,13.7,69589.8
109,30,5134.85,20.2255,8.32756,0.229048,13.7,70170.4
109,30,5136.06,20.2491,8.3332,0.227186,13.6,70748.3
109,30,5141.35,20.2697,8.33971,0.233575,13.6,71049.5
109,30,5151.31,20.3354,8.3608,0.235642,13.6,71358.4
110,30,5154.48,20.3581,8.36389,0.250259,13.6,71755.7
110,31,5158.49,20.3917,8.3743,0.24191,13.6,72109.2
110,31,5161.69,20.4118,8.37778,0.254448,13.6,72275.4
110,31,5170.72,20.465,8.39771,0.25335,13.6,72555.5
110,31,5178.3,20.5063,8.41191,0.261109,13.7,73121.4
111,31,5177.93,20.521,8.41549,0.2686,13.8,73905.4
111,31,5184.12,20.5613,8.42823,0.273679,13.8,74233.9
111,32,5189.85,20.6001,8.43526,0.280993,13.9,74205.9
111,32,5192.13,20.6141,8.44078,0.283962,13.9,74498.4
111,32,5194.27,20.6357,8.44555,0.289747,14,75012.9
112,32,5200.4,20.663,8.45607,0.295109,14.1,76088.8
112,32,5206.92,20.7142,8.46998,0.293962,14.2,76265.9
112,33,5207.93,20.718,8.46989,0.289901,14.3,76603.8
112,33,5205.89,20.7116,8.46253,0.279729,14.4,76790.4
112,33,5213.3,20.7451,8.47974,0.287324,14.5,77485.4
113,33,5217,20.7619,8.48811,0.284935,14.6,78344.2
113,33,5226.53,20.8411,8.51218,0.292686,14.5,78651.8
113,33,5230.84,20.8596,8.51378,0.299666,14.5,79061.5
113,34,5229.52,20.86,8.5109,0.303793,14.5,79528.4
113,34,5228.11,20.8676,8.51095,0.307162,14.6,79232.1
114,34,5234.48,20.9017,8.51894,0.315998,14.6,79332.4
114,34,5242.36,20.945,8.5331,0.327461,14.7,79769.7
114,34,5247.76,20.983,8.54414,0.33016,14.7,79828.2
114,35,5256.25,21.0313,8.56276,0.334474,14.7,79659.9
114,35,5257.45,21.055,8.56519,0.341558,14.8,79839.4
115,35,5262.89,21.0868,8.5705,0.345815,14.7,79640.6
115,35,5267.7,21.1089,8.57887,0.349138,14.6,79442
115,35,5269.01,21.1347,8.58872,0.357091,14.5,79164.8
115,35,5281.98,21.199,8.60493,0.351495,14.4,78411.7
115,36,5280.02,21.1966,8.60188,0.358064,14.4,78895.6
116,36,5280.19,21.2025,8.60304,0.364578,14.5,78596.9
116,36,5293.39,21.2758,8.62401,0.362377,14.5,77130.3
116,36,5294.18,21.2904,8.63014,0.361516,14.5,77360.4
116,36,5290.48,21.2644,8.6217,0.350861,14.5,78037
117,37,5291.62,21.2819,8.62413,0.353791,14.5,78507.6
117,37,5295.07,21.2888,8.62865,0.352667,14.4,78921.5
117,37,5308.95,21.3752,8.6512,0.358175,14.4,78184.9
117,37,5299.08,21.3296,8.63774,0.361268,14.4,78568
117,37,5294.57,21.3189,8.62854,0.378825,14.4,79271.3
118,37,5300.79,21.3364,8.63765,0.376558,14.5,79989.4
118,38,5296.07,21.3298,8.63288,0.386355,14.6,81346.1
118,38,5309.64,21.3977,8.65052,0.38961,14.7,80844.3
118,38,5324.3,21.4838,8.6823,0.390864,14.8,80033.5
119,38,5318.22,21.4517,8.66855,0.39884,14.9,80757.2
119,38,5320.49,21.4694,8.67142,0.398969,15.1,80843.4
119,38,5328.38,21.5249,8.691,0.416348,15.2,81343.1
119,39,5324.83,21.5054,8.67929,0.425635,15.3,82596.1
119,39,5319.53,21.4814,8.67523,0.430202,15.4,82835.8
120,39,5329.58,21.5429,8.6918,0.436051,15.4,82409
120,39,5332.37,21.5609,8.69537,0.443401,15.4,83226.3
120,39,5342.72,21.609,8.71246,0.440027,15.3,83107.2
120,40,5335.7,21.5756,8.69849,0.427294,15.3,83905.9
121,40,5330.08,21.5583,8.68909,0.438944,15.2,84357.9
121,40,5335.51,21.587,8.70099,0.428904,15.1,83983.7
121,40,5329.2,21.5399,8.68726,0.434645,15.1,85545.9
121,40,5343.24,21.6267,8.71739,0.442803,15.1,85339.2
122,40,5337.15,21.604,8.70301,0.450593,15.1,85928.4
122,41,5343.65,21.6424,8.71829,0.455842,15.1,86899.3
122,41,5356.32,21.7029,8.73365,0.459192,15.1,86956.4
122,41,5350.35,21.678,8.72913,0.474008,15.2,87519.4
123,41,5353.07,21.7016,8.7355,0.475499,15.3,87612.3
123,41,5358.83,21.7221,8.73589,0.488762,15.4,87672.6
123,41,5358.69,21.741,8.74489,0.491268,15.6,87356
123,42,5364.58,21.7744,8.74726,0.499554,15.6,87555.3
124,42,5364.35,21.777,8.75054,0.50624,15.8,88005
124,42,5360.21,21.7683,8.74583,0.506419,15.9,87655.4
124,42,5365.56,21.7927,8.75599,0.519737,16,87497.9
124,42,5358.14,21.7466,8.73917,0.521382,16,88550.3
125,42,5370.64,21.8171,8.76327,0.511628,15.9,88787
125,43,5383.33,21.8856,8.78041,0.512231,15.9,89503.9
125,43,5390.35,21.9328,8.79622,0.504171,15.9,88740.8
125,43,5396.61,21.9573,8.80926,0.514154,16,89973.1
126,43,5396.48,21.961,8.8052,0.512609,16,89301.5
126,43,5403.68,22.0005,8.81479,0.521399,16.1,89466.7
126,43,5403.56,22.0051,8.81589,0.524233,16.1,89575.9
126,44,5403.85,22.0164,8.81895,0.52624,16.2,88938
127,44,5400.53,22.0022,8.81366,0.538079,16.3,89223.2
127,44,5406.11,22.0303,8.81947,0.53407,16.4,88239.8
127,44,5398.85,22.0047,8.80932,0.542132,16.5,88411.4
128,44,5398.34,21.9936,8.80641,0.55103,16.7,89081.9
128,44,5395.9,21.9872,8.80618,0.560237,16.8,89161
128,44,5397.9,22.0086,8.80878,0.565338,16.8,89075.8
128,45,5397.24,21.9933,8.80331,0.57632,16.8,90720.3
129,45,5396.44,21.9929,8.80595,0.58156,16.8,91806
129,45,5405.41,22.0409,8.82292,0.58135,16.7,92351.1
129,45,5405.52,22.0481,8.81887,0.580334,16.7,92622.8
129,45,5409.78,22.0664,8.82681,0.582533,16.6,92787
130,45,5415.84,22.1047,8.83606,0.575384,16.5,93082.7
130,46,5418.77,22.1114,8.84001,0.572866,16.4,92756.9
130,46,5420.95,22.1247,8.84617,0.574941,16.4,93663
131,46,5407.05,22.0622,8.82293,0.57289,16.4,92964.6
131,46,5412.78,22.0895,8.83156,0.583086,16.4,92970.9
131,46,5414.72,22.112,8.83271,0.580711,16.4,92750.8
131,46,5429.93,22.1818,8.85558,0.597075,16.5,92822.5
132,46,5430.63,22.1935,8.86275,0.609371,16.6,93642.7
132,47,5427.35,22.1783,8.85635,0.61373,16.7,92895.7
132,47,5432.83,22.2086,8.86585,0.619,16.7,94732.8
133,47,5433.61,22.2189,8.86501,0.632043,16.9,95119.9
133,47,5427.54,22.1868,8.85563,0.638862,17.1,94273.1
133,47,5429.24,22.1951,8.85636,0.640912,17.1,94911.9
134,47,5415.89,22.1416,8.8386,0.632986,17.2,93194.5
134,47,5410.4,22.0993,8.82565,0.63312,17.2,92442.8
134,48,5405.34,22.0812,8.81872,0.630057,17.3,92803.1
134,48,5410.88,22.1087,8.83168,0.624006,17.2,92955.6
135,48,5410.16,22.1049,8.82633,0.617852,17.1,93349.2
135,48,5404.08,22.0714,8.81999,0.614375,17,92794.2
135,48,5412.16,22.1211,8.83055,0.622707,17.1,93520.4
136,48,5419.63,22.1509,8.8459,0.637273,17.1,94717.2
136,48,5429.71,22.2013,8.86283,0.636334,17.2,95280.5
136,49,5427.55,22.1982,8.85581,0.642312,17.3,95227.1
137,49,5423.09,22.1812,8.85119,0.642127,17.4,93994.1
137,49,5415.61,22.1476,8.83283,0.64326,17.6,93702.8
137,49,5413.05,22.1289,8.8317,0.643693,17.6,93537.4
138,49,5414.81,22.1457,8.83798,0.655262,17.7,94252.5
138,49,5415.65,22.1545,8.8311,0.66434,17.7,94170.6
138,49,5416.75,22.1678,8.83764,0.662605,17.8,94234.4
139,50,5422.24,22.1798,8.84373,0.680659,17.8,95080.5
139,50,5426.54,22.2095,8.85755,0.682146,17.8,95502
139,50,5426.48,22.212,8.85874,0.692064,17.6,95267.8
140,50,5427.16,22.2239,8.85631,0.667597,17.4,95058.6
140,50,5431.88,22.2385,8.8631,0.666582,17.4,95098.4
140,50,5440.46,22.278,8.87572,0.671349,17.3,96262.8
141,50,5442.39,22.2973,8.88183,0.66436,17.3,96684.2
141,50,5449.32,22.3242,8.89365,0.676578,17.3,97272.2
141,51,5452.56,22.345,8.89977,0.678596,17.3,97877.3
142,51,5443.9,22.3087,8.88441,0.678173,17.3,96958.8
142,51,5438.63,22.2768,8.8722,0.684379,17.3,95937.7
142,51,5447.7,22.3297,8.89027,0.690493,17.3,96638.1
143,51,5449.14,22.3378,8.89279,0.693406,17.4,96742.2
143,51,5447.96,22.3358,8.89124,0.712606,17.5,96703.3
143,51,5451.37,22.3548,8.89713,0.715321,17.6,97238.6
144,51,5454.37,22.3737,8.90321,0.722266,17.7,97388.7
144,52,5445.9,22.3328,8.88677,0.71627,17.8,96451.6
144,52,5450.5,22.3633,8.89529,0.72352,18,97352.3
145,52,5446.8,22.3374,8.88963,0.712101,18.1,96741.4
145,52,5452.92,22.3682,8.89926,0.716939,18.2,97041.1
146,52,5452.64,22.3691,8.90044,0.713212,18.3,97118.1
146,52,5446.96,22.3291,8.88576,0.696734,18.3,96546.1
146,52,5452.14,22.3658,8.89707,0.698695,18.3,96949.3
147,52,5449.89,22.3619,8.9003,0.706833,18.3,97401.3
147,52,5440.68,22.3176,8.87782,0.695295,18.2,95747.3
147,53,5438,22.3072,8.87313,0.693576,18.3,94780
148,53,5443.99,22.3316,8.88276,0.706842,18.3,95720.7
148,53,5444.45,22.3375,8.88287,0.71357,18.3,95927.5
149,53,5445.23,22.3467,8.88326,0.718589,18.3,95571.2
149,53,5448.81,22.3649,8.89239,0.726004,18.4,95772
149,53,5458.35,22.3991,8.90501,0.731917,18.5,97342.7
150,53,5450,22.3788,8.89471,0.73066,18.6,96306.8
150,53,5445.56,22.3547,8.88332,0.736818,18.7,95659
150,53,5453.73,22.3985,8.89748,0.745436,18.8,96848.1
151,53,5466.65,22.4546,8.92159,0.753276,18.9,97889
151,54,5470.32,22.4751,8.92307,0.758286,19,98405.3
152,54,5468.59,22.4701,8.92451,0.750457,19.1,98130.2
152,54,5459.29,22.4246,8.90674,0.738076,19.2,97253
152,54,5450.28,22.3709,8.89229,0.721504,19.2,96310.6
153,54,5442.62,22.3411,8.88203,0.714784,19.1,95358.4
153,54,5456.45,22.3997,8.90736,0.731325,19.1,97515.7
154,54,5473.77,22.4854,8.93091,0.746724,19,99493.6
154,54,5481.58,22.5357,8.9527,0.7528,18.9,99273.6
154,54,5472,22.4897,8.9316,0.746807,18.9,97638.6
155,54,5464.44,22.4563,8.9144,0.74245,18.9,96740.4
155,54,5463.26,22.4483,8.91362,0.747346,18.9,96217.4
156,54,5461.13,22.4499,8.91203,0.7492,19,96833.1
156,55,5466.76,22.4592,8.92107,0.74862,19,97493.9
157,55,5473.85,22.5074,8.9314,0.777154,19.1,98433
157,55,5467.98,22.4798,8.92171,0.76451,19.1,97295.3
157,55,5467.54,22.479,8.91714,0.768791,19.2,96608.2
158,55,5479.62,22.5297,8.94263,0.768891,19.3,97385.8
158,55,5470.9,22.4973,8.92635,0.749769,19.3,95463.6
159,55,5460.04,22.4417,8.90216,0.72941,19.3,93850.5
159,55,5469.17,22.4782,8.91851,0.739234,19.3,96282
159,55,5463.88,22.4518,8.91642,0.739552,19.3,96148.5
160,55,5466.48,22.4673,8.91783,0.741572,19.3,97044.8
160,55,5470.65,22.4932,8.92562,0.751442,19.3,97841.5
161,55,5477.84,22.5149,8.93453,0.74495,19.4,97669.5
161,55,5467.41,22.4809,8.91968,0.747536,19.4,96352.7
162,56,5480.91,22.5341,8.93656,0.75522,19.5,98075.5
162,56,5481.86,22.5586,8.94603,0.768465,19.6,97782.8
162,56,5495.74,22.6213,8.96943,0.780772,19.6,100042
163,56,5504.68,22.6713,8.98575,0.789394,19.7,99810.7
163,56,5489.89,22.5914,8.95292,0.778765,19.8,98300.4
164,56,5488.88,22.6,8.95399,0.791384,19.9,97930
164,56,5503.55,22.6656,8.97969,0.804833,19.9,100072
165,56,5502.15,22.6643,8.97818,0.807422,19.8,99285.7
165,56,5501.34,22.6509,8.97859,0.805264,19.8,100823
166,56,5489.28,22.5959,8.95148,0.793648,19.8,99823.5
166,56,5500.75,22.6453,8.97462,0.788986,19.7,100191
166,56,5483.62,22.5643,8.94964,0.772049,19.7,98541.3
167,56,5482.88,22.5539,8.94495,0.761225,19.7,99055.9
167,56,5481.95,22.5572,8.94496,0.761037,19.8,99475.4
168,56,5494.58,22.6187,8.96702,0.769882,19.8,99702.6
168,56,5497.05,22.6301,8.97163,0.78424,19.9,101139
169,56,5495.36,22.6112,8.96884,0.785623,19.9,101597
169,56,5493.77,22.607,8.95991,0.776264,20.1,99980.8
170,56,5485.5,22.5758,8.94676,0.785153,20.1,98468.1
170,56,5491.51,22.6022,8.96216,0.786912,20.2,99706.4
170,56,5476.4,22.5262,8.93298,0.789171,20.2,98693.9
171,56,5479.37,22.5424,8.94219,0.788335,20.1,99139.5
171,56,5484.92,22.5719,8.94983,0.793062,20.1,98658.3
172,57,5484.39,22.5753,8.94686,0.797359,20,98597.6
172,57,5481.96,22.551,8.94806,0.795036,20.1,99915.6
173,57,5472.5,22.5123,8.9321,0.793718,20.1,98634.5
173,57,5471.23,22.5012,8.92481,0.770517,20,97637
174,57,5468.47,22.4875,8.91792,0.755077,19.8,97229.6
174,57,5480.79,22.5559,8.94706,0.773635,19.7,98987.6
175,57,5484.76,22.5571,8.94993,0.757416,19.6,99309.9
175,57,5476.39,22.5202,8.93297,0.745168,19.6,97963.3
176,57,5472.2,22.4915,8.92918,0.751398,19.6,98127.6
176,57,5473.93,22.5054,8.93314,0.757289,19.6,98117.1
176,57,5482.83,22.5559,8.94718,0.770284,19.6,99063.9
177,57,5479.47,22.5382,8.94007,0.7679,19.6,98592.4
177,57,5473.52,22.5068,8.93137,0.76492,19.6,98433.1
178,57,5473.08,22.5135,8.93143,0.773494,19.6,98487.9
178,57,5488.92,22.5858,8.95979,0.794868,19.7,100286
179,57,5483.61,22.5534,8.94739,0.785698,19.8,99171.2
179,57,5474.26,22.5203,8.9339,0.777864,19.9,98124.6
180,57,5473.02,22.501,8.92382,0.782743,20.1,97047.9
180,57,5479.49,22.5449,8.93936,0.774526,20.2,97668.7
181,57,5467.46,22.483,8.92073,0.752795,20.4,96356.1
181,57,5464.95,22.4648,8.91915,0.755045,20.5,96952.3
181,57,5463.92,22.4568,8.91426,0.741706,20.6,96590.8
182,57,5455.73,22.4139,8.90034,0.732022,20.7,94979.4
182,57,5454.68,22.4131,8.89913,0.712837,20.7,94279
183,57,5464.16,22.4543,8.9142,0.726269,20.8,96088.2
183,57,5480.69,22.5343,8.94605,0.74763,20.8,98264.2
184,57,5475.61,22.5062,8.9359,0.749103,20.7,98402.5
184,57,5469.79,22.4757,8.92859,0.740096,20.7,97298
185,57,5457.23,22.4185,8.90409,0.729199,20.8,95505.3
185,57,5452.38,22.3972,8.89878,0.734555,20.8,95080.2
186,57,5456.19,22.4266,8.90556,0.734767,20.9,95344.5
186,57,5469.31,22.4969,8.92546,0.747613,21,95759.2
187,57,5472.57,22.4961,8.9252,0.744875,21.1,95270.2
187,57,5467.36,22.4795,8.92105,0.741365,21.2,94874.5
187,57,5462.42,22.4487,8.90833,0.734034,21.3,93674.2
188,56,5462.24,22.4396,8.91015,0.725475,21.2,94470.4
188,56,5459.38,22.434,8.90543,0.724205,21.2,94560.4
189,56,5471.79,22.4867,8.92638,0.721366,21.2,95991.5
189,56,5466.26,22.4677,8.92023,0.714059,21.2,95929.8
190,56,5466.49,22.4516,8.91818,0.718862,21.2,96222.5
190,56,5464.16,22.4407,8.91669,0.70061,21.2,95291.1
191,56,5453.29,22.3936,8.9022,0.689974,21.2,94639.3
191,56,5454.22,22.396,8.90193,0.69876,21.2,95480.8
192,56,5442.85,22.3414,8.88005,0.69876,21.2,93826.9
192,56,5444.35,22.3417,8.87819,0.691375,21.2,93722.1
192,56,5451.45,22.3771,8.90056,0.710193,21.2,95561
193,56,5461.37,22.426,8.91316,0.715739,21.1,96421.8
193,56,5470,22.4699,8.92897,0.730827,21.1,97145.5
194,56,5458.43,22.4195,8.91045,0.721774,21.1,95732
194,56,5447.9,22.3648,8.89256,0.717403,21,93900.3
195,56,5437.43,22.3019,8.86583,0.693949,20.9,91920.4
195,56,5439.71,22.3243,8.87887,0.695883,20.9,92988
196,56,5446.04,22.355,8.88374,0.700822,20.9,94104.4
196,56,5454.95,22.3897,8.9063,0.696533,20.9,94982.5
196,56,5451,22.3695,8.89625,0.688602,20.9,94772.2
197,56,5446.24,22.3415,8.89509,0.691863,21,95772.7
197,56,5442.71,22.3227,8.88774,0.679525,21.1,95172.6
198,55,5449.52,22.3473,8.89404,0.676678,21.2,95605.9
198,55,5457.08,22.3838,8.90965,0.679907,21.2,96343.5
199,55,5446.24,22.3295,8.8884,0.682856,21.2,95055.6
199,55,5443.61,22.3229,8.88647,0.675199,21.3,94867.3
199,55,5439.89,22.2982,8.87984,0.678,21.3,93867.7
200,55,5435.92,22.273,8.86591,0.671064,21.3,93643.8
200,55,5437.6,22.2902,8.87095,0.678342,21.3,93424.7
201,55,5440.44,22.3113,8.88137,0.685938,21.3,93651.1
201,55,5449.76,22.3386,8.89697,0.689216,21.3,95672.9
202,55,5450.4,22.3513,8.89638,0.694038,21.4,96028.8
202,55,5459.08,22.3979,8.91462,0.703425,21.4,96983.6
202,55,5460.28,22.4032,8.91037,0.696248,21.4,96814.9
203,55,5452.9,22.3594,8.9015,0.688551,21.5,95805.8
203,55,5448.67,22.3318,8.89194,0.669826,21.6,94843.1
204,54,5445.64,22.3126,8.89112,0.661259,21.7,95629.8
204,54,5449.24,22.3284,8.89661,0.659637,21.7,95633.3
204,54,5443.9,22.2981,8.88526,0.649413,21.7,95894.7
205,54,5430.72,22.2238,8.86607,0.636319,21.6,94397.2
205,54,5428.43,22.2182,8.85835,0.639439,21.4,93907.7
206,54,5425.87,22.2006,8.85426,0.631703,21.4,93416.6
206,54,5425.15,22.1942,8.84994,0.636741,21.4,92441.7
206,54,5424.5,22.2007,8.8534,0.629959,21.5,91741.1
207,54,5437.51,22.2611,8.877,0.643416,21.6,95204.6
207,54,5438.8,22.2706,8.88185,0.651683,21.7,95309.2
208,54,5436.36,22.2479,8.87274,0.65422,21.7,95215.3
208,54,5438.36,22.2722,8.87982,0.656875,21.6,94949.2
208,53,5440.88,22.2807,8.87962,0.665518,21.4,95352.2
209,53,5444.02,22.2891,8.88499,0.658065,21.4,95365.7
209,53,5432.62,22.234,8.86511,0.637862,21.4,94029.9
210,53,5430.22,22.2203,8.86446,0.630163,21.4,93272.4
210,53,5431.11,22.2242,8.86723,0.625657,21.3,94374.4
210,53,5430.89,22.2063,8.86154,0.609951,21.3,93539.2
211,53,5437.29,22.2457,8.87916,0.615734,21.3,94301.6
211,53,5444.4,22.2727,8.89226,0.625734,21.3,95891.8
211,53,5444.36,22.2734,8.89256,0.628704,21.4,96494.1
212,52,5439.3,22.2444,8.88091,0.618134,21.5,96084
212,52,5440.52,22.2495,8.87699,0.624312,21.6,96175.8
213,52,5440.59,22.2529,8.88344,0.62976,21.6,95923.8
213,52,5439.95,22.2495,8.88164,0.619733,21.6,95766.6
213,52,5434.76,22.2167,8.86964,0.620885,21.7,95432.2
214,52,5437.38,22.2322,8.87574,0.622114,21.7,95424.3
214,52,5431.32,22.2083,8.86845,0.623617,21.7,94936
214,52,5427.71,22.1787,8.86031,0.615309,21.7,94289.6
215,52,5429.98,22.1875,8.8661,0.618786,21.7,94577.2
215,51,5427.55,22.1714,8.85547,0.610198,21.7,94449
215,51,5431.6,22.1887,8.86311,0.602821,21.6,94148.2
216,51,5426.19,22.1564,8.85879,0.595987,21.6,94616.5
216,51,5421.86,22.1328,8.84989,0.584796,21.4,93816.6
217,51,5425.31,22.1327,8.85819,0.572567,21.3,95313.7
217,51,5420.34,22.1081,8.85214,0.575351,21.3,95138.8
217,51,5418.92,22.0998,8.84966,0.562169,21.3,95305.8
218,51,5413.91,22.0764,8.83998,0.559431,21.4,94249.2
218,51,5420.86,22.1022,8.85021,0.566846,21.4,94773.7
218,50,5411.97,22.0635,8.83656,0.563537,21.4,93913.2
219,50,5409.55,22.0408,8.83003,0.560574,21.4,93283.4
219,50,5405.57,22.0328,8.82514,0.562951,21.4,92711.4
219,50,5407.14,22.0271,8.82849,0.546213,21.5,92159.3
220,50,5411.11,22.0559,8.83523,0.563631,21.6,93390
220,50,5409.76,22.0449,8.83284,0.555204,21.6,93528.5
220,50,5396.44,21.9813,8.80872,0.552468,21.7,92155.9
221,49,5399.54,21.9915,8.81145,0.551681,21.6,91486.8
221,49,5397.6,21.9843,8.81106,0.547825,21.6,91393.6
221,49,5402.26,21.9933,8.82156,0.541554,21.6,91889.8
222,49,5402.61,21.9979,8.82225,0.530911,21.6,92084.9
222,49,5404.27,22.0026,8.82745,0.519725,21.6,92811.4
222,49,5397.72,21.9557,8.81289,0.525726,21.6,93816
223,49,5394.43,21.9371,8.81564,0.513511,21.7,94144.2
223,49,5395.13,21.9275,8.80912,0.502689,21.7,93476
223,48,5397.62,21.9407,8.81867,0.502755,21.7,93436.7
224,48,5390.58,21.9013,8.80454,0.503699,21.7,92945.2
224,48,5388.63,21.8909,8.80202,0.506378,21.7,92637.4
224,48,5381.9,21.8564,8.78658,0.500373,21.8,91711.3
224,48,5370.43,21.7863,8.76712,0.490581,21.8,90656.5
225,48,5363.29,21.7583,8.7575,0.484969,21.8,90140.9
225,48,5363.91,21.7548,8.75256,0.486801,21.8,89596
225,47,5362.39,21.7531,8.75376,0.484707,21.8,89080.6
226,47,5372.26,21.8014,8.77222,0.493974,21.8,89721.5
226,47,5359.85,21.7223,8.74677,0.488272,21.7,89252
226,47,5353.39,21.6869,8.73454,0.476433,21.8,88709.6
227,47,5350.37,21.6813,8.73311,0.459843,21.8,88192.4
227,47,5351.37,21.674,8.73355,0.460458,21.8,89133.5
227,47,5359.63,21.7034,8.75017,0.451231,21.8,90088.8
227,46,5358.28,21.6833,8.75047,0.448314,21.9,91275.3
228,46,5351.36,21.6609,8.74296,0.442724,21.9,91057.4
228,46,5351.45,21.6441,8.73784,0.438804,21.9,90550.7
228,46,5351.18,21.6393,8.73957,0.440524,21.9,90783.5
229,46,5345.08,21.607,8.72616,0.433295,21.8,90425
229,46,5347.57,21.6253,8.73371,0.438654,21.8,90151.6
229,46,5344.07,21.6028,8.72336,0.441417,21.8,89731.1
230,45,5340.22,21.5788,8.72252,0.439721,21.8,90070.1
230,45,5334.68,21.5487,8.70512,0.437392,21.7,89693
230,45,5315.44,21.4385,8.67408,0.428647,21.7,88705.6
230,45,5311.93,21.4226,8.67235,0.428154,21.7,88252.8
231,45,5302.47,21.3609,8.65096,0.424806,21.7,88063.3
231,45,5302.34,21.3595,8.64894,0.422505,21.7,87534.7
231,44,5301.05,21.3486,8.65071,0.411682,21.7,87098.5
231,44,5302.29,21.3528,8.65033,0.400092,21.7,87418.2
232,44,5300.37,21.3408,8.64858,0.397466,21.7,87371.8
232,44,5298.95,21.3186,8.64415,0.38618,21.8,87201.1
232,44,5290.01,21.2654,8.62991,0.380697,21.8,86478.9
233,44,5287.95,21.2505,8.62367,0.378492,21.8,86721.7
233,43,5282.28,21.2226,8.61624,0.370341,21.8,85931.9
233,43,5284.81,21.2343,8.62238,0.370278,21.8,85971.6
233,43,5289.07,21.2576,8.631,0.368004,21.8,85572.2
234,43,5296.93,21.2935,8.64131,0.36362,21.7,85291.6
234,43,5304.84,21.3405,8.65345,0.370633,21.6,84970.1
234,43,5307,21.3495,8.66141,0.37599,21.7,85742.6
234,43,5308.77,21.3479,8.66198,0.376436,21.7,86087.3
235,42,5306.06,21.3257,8.65517,0.377296,21.7,85690.8
235,42,5309.04,21.3452,8.66161,0.368406,21.7,85489.3
235,42,5309.77,21.3417,8.66125,0.366903,21.7,85589.6
235,42,5307.05,21.3272,8.66198,0.369386,21.6,85095.1
236,42,5295.97,21.2552,8.63963,0.360469,21.6,84158.5
236,42,5286.18,21.2011,8.62038,0.354104,21.6,83412.9
236,41,5288.78,21.2072,8.62549,0.347168,21.5,83907.4
236,41,5283.64,21.1858,8.62261,0.337527,21.4,84487.1
237,41,5271.48,21.1055,8.59778,0.323076,21.4,83763.3
237,41,5252.88,21.0001,8.56553,0.314294,21.3,82957.5
237,41,5249.47,20.9731,8.5575,0.303058,21.2,82628.1
237,41,5232.75,20.8845,8.52578,0.298163,21.2,80598.8
238,40,5222.81,20.8268,8.51327,0.290566,21.2,80270.6
238,40,5226.64,20.8253,8.5174,0.297187,21.2,81001.5
238,40,5221.97,20.803,8.51035,0.300113,21.2,81402.8
238,40,5224.13,20.8089,8.51705,0.301512,21.3,82149.6
239,40,5228.08,20.824,8.52068,0.303279,21.4,82509.2
239,39,5221.74,20.7896,8.5115,0.298313,21.4,82433.9
239,39,5212.76,20.7352,8.49293,0.296173,21.4,81538.4
239,39,5206.01,20.6931,8.47697,0.301947,21.5,80340.1
240,39,5200.52,20.6632,8.46293,0.28696,21.5,79365.4
240,39,5182.32,20.5576,8.43402,0.284077,21.4,77475.7
240,39,5169.78,20.4776,8.40723,0.270459,21.4,76911.9
240,38,5172.94,20.4888,8.4082,0.258073,21.5,76564
240,38,5181.44,20.539,8.43483,0.254782,21.5,77474.7
241,38,5177.75,20.4956,8.41838,0.246704,21.4,77711.1
241,38,5167.65,20.4311,8.40265,0.235559,21.4,77490
241,38,5169.58,20.4382,8.41071,0.241034,21.4,78116.9
241,38,5166.21,20.4327,8.40669,0.23172,21.4,77234.8
242,37,5165.32,20.4015,8.39935,0.232868,21.4,76795.5
242,37,5141.88,20.2765,8.34885,0.229306,21.3,74521.1
242,37,5139.63,20.2553,8.345,0.225442,21.3,74235.1
242,37,5138.94,20.2554,8.34465,0.23141,21.3,74686.9
242,37,5143.2,20.2702,8.35876,0.228702,21.3,74521.8
243,37,5141.39,20.2535,8.35833,0.23732,21.3,74826.1
243,36,5125.58,20.17,8.32432,0.223611,21.3,73601.7
243,36,5117.65,20.1181,8.31042,0.229396,21.3,73686.2
243,36,5113.46,20.0958,8.29848,0.224658,21.3,73215.9
244,36,5112.79,20.0791,8.29874,0.213438,21.2,73032.8
244,36,5100.19,19.9971,8.27559,0.211515,21.2,72338.3
244,35,5088.29,19.9274,8.25705,0.203268,21.1,73024.9
244,35,5089.45,19.9174,8.2602,0.195271,21.1,72919.9
244,35,5091.64,19.9148,8.26087,0.184027,21.1,72867
245,35,5091.02,19.91,8.25983,0.182221,21.1,72295.8
245,35,5076.47,19.8206,8.23151,0.174097,21.1,71291.8
245,35,5065.91,19.7669,8.21089,0.171798,21.2,69921.6
245,34,5072.96,19.7824,8.22231,0.171709,21.2,70340.2
245,34,5069.95,19.773,8.22005,0.175021,21.2,70290.7
246,34,5065.58,19.7399,8.20565,0.177188,21.2,70117.9
246,34,5060.97,19.7259,8.19828,0.171714,21.2,69162.4
246,34,5055.62,19.6737,8.19123,0.175268,21.2,68881.4
246,33,5053.14,19.6413,8.18211,0.172646,21.1,69390.7
246,33,5054.24,19.6481,8.18266,0.170745,21.1,68955.4
247,33,5046.23,19.6046,8.16791,0.172806,21.1,66827.4
247,33,5038.21,19.5585,8.14468,0.166414,21,65951.5
247,33,5042.9,19.5685,8.15824,0.162782,20.9,65560.2
247,33,5037.99,19.5479,8.14944,0.158425,20.9,65659.9
247,32,5032.56,19.5103,8.13873,0.148353,20.8,65618
248,32,5023.9,19.4438,8.11826,0.134014,20.8,65369.2
248,32,5016.81,19.3966,8.10599,0.132217,20.7,64080.4
248,32,5005.46,19.3369,8.08839,0.129454,20.7,63676.1
248,32,4993.53,19.2497,8.05734,0.119127,20.7,63223.8
248,31,4986.18,19.2095,8.04014,0.116088,20.7,62815.6
249,31,4971.7,19.1122,8.01385,0.112488,20.7,62253.8
249,31,4963.6,19.0669,8.00106,0.127939,20.7,62798.8
249,31,4958.09,19.0168,7.98586,0.118833,20.7,62599.7
249,31,4958.16,19.0094,7.98867,0.117616,20.7,62146.8
249,30,4959.25,19.0176,7.99207,0.122489,20.6,61619.5
250,30,4962.29,19.0123,7.99514,0.121462,20.6,62422.6
250,30,4954.71,18.9752,7.98314,0.119067,20.6,62122.1
250,30,4954.68,18.955,7.98017,0.121533,20.6,61319.3
250,30,4943.15,18.8889,7.95628,0.120718,20.6,61954.8
250,30,4936.44,18.8427,7.94801,0.121041,20.6,61989
251,29,4931.91,18.8048,7.93958,0.112236,20.6,60911.8
251,29,4925.92,18.7675,7.92074,0.109232,20.6,59731
251,29,4912.87,18.6805,7.89269,0.097726,20.5,58687.2
251,29,4905.51,18.6319,7.87986,0.0936364,20.5,57929.2
251,29,4899.77,18.6003,7.86493,0.0828577,20.4,56333
251,28,4897.34,18.5559,7.8572,0.0802439,20.4,57303.7
252,28,4884.45,18.4947,7.82838,0.073114,20.4,53885.8
252,28,4869.42,18.3829,7.79598,0.0766792,20.4,53438.5
252,28,4863.23,18.342,7.78396,0.0737674,20.4,54605.2
252,28,4863.76,18.3232,7.79116,0.0807017,20.4,56066.5
252,27,4867.53,18.3448,7.80106,0.0808333,20.4,55794.7
253,27,4845.59,18.2029,7.7492,0.0807394,20.4,53952.6
253,27,4838.28,18.168,7.72556,0.0788971,20.4,50541.7
253,27,4825.75,18.0894,7.69959,0.0788598,20.4,50591
253,27,4824.77,18.0706,7.69648,0.0765614,20.4,50143.4
253,26,4814.28,18.0045,7.67527,0.0750457,20.4,49267.9
253,26,4812.89,17.996,7.66951,0.0728268,20.3,48242.2
254,26,4812.49,17.985,7.6659,0.0712877,20.3,47054.6
254,26,4809.52,17.9587,7.65968,0.0714654,20.3,46363.7
254,26,4794,17.8413,7.62815,0.0688824,20.3,47975.8
254,26,4791.68,17.8077,7.62335,0.0634702,20.3,47484.8
254,25,4783.75,17.7594,7.60459,0.0600261,20.3,46517.6
255,25,4776.86,17.714,7.58854,0.0561347,20.3,45359.5
255,25,4765.51,17.6405,7.56641,0.0495169,20.3,45046.9
255,25,4757.85,17.5777,7.54408,0.0492346,20.3,44463.6
255,25,4749.11,17.52,7.52641,0.0497581,20.2,44102.3
255,24,4746.52,17.5012,7.5152,0.0512142,20.2,43287.8
255,24,4742.87,17.4768,7.51111,0.0480008,20.1,41976.1
256,24,4734.54,17.4148,7.48783,0.0487605,20,41559.9
256,24,4733.5,17.3954,7.48079,0.0460826,19.9,40791.3
256,24,4723.95,17.3474,7.4672,0.0470314,19.8,40495.6
256,23,4710.98,17.2407,7.43479,0.0473114,19.8,40780.8
256,23,4699.72,17.161,7.40571,0.0463258,19.8,39941.6
256,23,4693.4,17.1179,7.38702,0.0463962,19.8,39187.7
257,23,4679.96,17.0309,7.36243,0.0415995,19.8,39140.5
257,23,4681.18,17.0356,7.36112,0.0457893,19.7,38494.3
257,22,4678.23,17.0016,7.35193,0.0414941,19.6,37183.5
257,22,4676.54,16.9869,7.34574,0.0450541,19.4,36647.2
257,22,4668.82,16.9272,7.3276,0.0418837,19.3,36162.9
257,22,4661.03,16.8691,7.30549,0.0413232,19.3,35765.2
258,22,4648.98,16.7648,7.28335,0.0366946,19.2,35831.3
258,21,4641.32,16.7277,7.26438,0.0329133,19.2,34992.5
258,21,4639.62,16.6957,7.26049,0.0317108,19.2,34458.3
258,21,4644.43,16.7217,7.2616,0.0255042,19.2,33218.5
258,21,4629.9,16.613,7.23025,0.0221295,19.2,32900
258,21,4621.73,16.5607,7.21484,0.0223023,19.2,32293.8
259,20,4612.69,16.5011,7.19231,0.0261224,19.2,31893.5
259,20,4600.58,16.4021,7.16082,0.0256803,19.2,31873
259,20,4597.7,16.3833,7.15609,0.0217777,19.2,30983.7
259,20,4593.97,16.3329,7.13805,0.0235066,19.1,30719.3
259,20,4591.36,16.3,7.13052,0.0254532,19.1,30423.4
259,19,4587.3,16.2857,7.12365,0.0248796,19,29625.7
260,19,4579.22,16.2259,7.09951,0.0226742,19,28907.8
260,19,4570.69,16.1539,7.07751,0.0230814,19,28513.7
260,19,4581.22,16.2272,7.09232,0.0246616,18.9,27086.9
260,19,4577.88,16.2122,7.0856,0.0227641,18.9,26107.8
260,18,4566.63,16.1342,7.0554,0.0220788,18.9,25514.6
260,18,4548.51,15.9985,7.01164,0.0219274,18.8,25500.6
261,18,4544.07,15.9587,6.99831,0.0207517,18.8,25070.3
261,18,4533.27,15.8756,6.97273,0.0236363,18.7,24693.9
261,18,4524.02,15.8197,6.94962,0.0206828,18.7,23913.8
261,17,4522.84,15.8019,6.9381,0.0201272,18.7,23275.9
261,17,4514,15.7289,6.91308,0.0202234,18.6,22801.2
261,17,4511.13,15.695,6.9023,0.0143546,18.6,22256.5
261,17,4513.01,15.6923,6.90586,0.0130548,18.6,21384.2
262,17,4514.37,15.6855,6.90071,0.0106666,18.6,20738.6
262,16,4499.85,15.5736,6.86605,0.00786108,18.5,20513
262,16,4521.24,15.7133,6.91112,0.00783489,18.5,19387.8
262,16,4510.94,15.63,6.88375,0.0074444,18.5,18863.7
262,16,4502.01,15.5729,6.85906,0.00705043,18.4,18419.9
262,16,4489.58,15.478,6.82491,0.00767253,18.4,18189.5
263,16,4479.61,15.4088,6.7952,0.00791847,18.4,17700.6
263,15,4466.45,15.3143,6.76086,0.00566035,18.4,17215.2
263,15,4458.59,15.2434,6.73676,0.00756325,18.3,16852.5
263,15,4446.46,15.162,6.7099,0.00688718,18.3,16548.1
263,15,4460.47,15.2507,6.73496,0.00756436,18.3,15810.6
263,15,4473.8,15.3099,6.7535,0.00719051,18.3,15155.8
264,14,4472.03,15.2737,6.7387,0.00647432,18.3,14609
264,14,4478.89,15.312,6.75148,0.00626776,18.3,14114.6
264,14,4489.97,15.3602,6.76516,0.00600554,18.3,13614.7
264,14,4500.08,15.4099,6.78111,0.00579355,18.3,13132.7
264,14,4497.5,15.3759,6.77043,0.0049527,18.3,12689.5
264,13,4509.76,15.4287,6.79288,0.00531287,18.3,12219.3
264,13,4520.63,15.4833,6.81018,0.00564229,18.3,11778.5
265,13,4536.64,15.5615,6.83795,0.00506921,18.3,11332.2
265,13,4524.2,15.4676,6.79835,0.00491335,18.3,10980.2
265,13,4519.98,15.422,6.7783,0.00554252,18.4,10682.3
265,12,4524.94,15.4495,6.79102,0.00486734,18.4,10332.9
265,12,4516.03,15.3734,6.76184,0.00373888,18.4,10086.7
265,12,4532.37,15.4474,6.79003,0.00477856,18.4,9529.71
266,12,4539.81,15.4793,6.79746,0.00479493,18.3,9151.24
266,12,4536.2,15.4347,6.78162,0.00440118,18.2,8870.44
266,11,4556.11,15.5308,6.81073,0.00300343,18.2,8442.31
266,11,4573.61,15.6068,6.83655,0.00248187,18.1,7987.51
266,11,4590.28,15.6836,6.86269,0.00111214,18,7620.58
266,11,4619.02,15.816,6.90524,0.0013496,17.9,7233.45
266,11,4657.47,16.0145,6.98012,0.000661342,17.9,6841.43
267,10,4688.8,16.1652,7.02702,0.000417915,17.8,6477.92
267,10,4702.87,16.2154,7.04295,0.000716368,17.8,6108.31
267,10,4717.94,16.2866,7.05859,0.000763673,17.7,5794.76
267,10,4752.57,16.4484,7.11305,-0.0000341,17.7,5484.8
267,10,4787.51,16.5985,7.16179,0.000947071,17.6,5195.31
267,9,4808.73,16.6822,7.19352,0.00036554,17.6,4915.64
268,9,4845.77,16.8467,7.24841,0.00134957,17.5,4660.28
268,9,4887.01,17.0254,7.31217,0.00189825,17.4,4399.57
268,9,4915.9,17.1305,7.34381,0.00200607,17.4,4170.84
268,9,4946.83,17.2491,7.38809,0.00174521,17.4,3919.67
268,8,4978.63,17.3761,7.43251,0.0018308,17.4,3712.86
268,8,5022.98,17.5496,7.4931,0.00164156,17.4,3506.15
268,8,5060.69,17.6957,7.53984,0.00147329,17.3,3308.7
269,8,5105.13,17.8581,7.60018,0.00178917,17.3,3093.94
269,8,5143.88,17.9908,7.64804,0.00136564,17.3,2916.36
269,7,5180.91,18.1019,7.68027,0.00124611,17.2,2748.64
269,7,5230.56,18.2791,7.7451,0.00134611,17.2,2585.95
269,7,5280.41,18.4433,7.80836,0.00141237,17.2,2412.67
269,7,5333.65,18.62,7.87437,0.00123134,17.1,2265.51
269,7,5382.68,18.761,7.92251,0.00139368,17.1,2127.45
270,6,5433.82,18.9133,7.9775,0.00144115,17.1,1993.61
270,6,5482.34,19.0565,8.02851,0.0013473,17,1866.15
270,6,5541.57,19.1947,8.08311,0.000825179,17,1724.42
270,6,5601.43,19.3519,8.14087,0.000738762,17,1608.79
270,6,5668.03,19.5317,8.20415,0.000655228,17,1498.03
270,5,5745.2,19.752,8.28586,0.000727663,17,1390.74
271,5,5832.56,19.9772,8.37193,0.000608118,16.9,1275.11
271,5,5936.27,20.2584,8.47494,0.000622717,16.9,1177.17
271,5,6031.97,20.4958,8.5646,0.000519568,17,1084.53
271,5,6120.99,20.7035,8.63868,0.000466687,16.9,999.28
271,4,6221.57,20.9146,8.72102,0.00041248,16.9,909.158
271,4,6357.07,21.2483,8.85213,0.000512141,16.9,829.414
271,4,6497.45,21.5843,8.97785,0.000347036,16.9,754.242
272,4,6645.08,21.9019,9.09368,0.00034166,16.9,682.37
272,4,6794.61,22.1852,9.20611,0.000289227,16.9,611.331
272,3,6980.97,22.5758,9.35601,0.000314183,16.8,549.886
272,3,7195.03,23.0053,9.51741,0.000296041,16.8,492.51
272,3,7441.19,23.492,9.70008,0.000204841,16.8,438.116
272,3,7744.3,24.06,9.92283,0.000223781,16.8,382.475
272,3,8140.85,24.8041,10.2009,0.000202667,16.7,334.13
273,2,8616.54,25.6296,10.5242,0.000101406,16.7,291.052
273,2,9171.05,26.4915,10.8535,0.00015235,16.7,251.433
273,2,9718.37,27.2162,11.1464,0.000158128,16.7,218.423
273,2,10344.1,27.9551,11.4404,0.000127946,16.7,188.896
273,2,11117.5,28.775,11.7763,0.0000949,16.6,162.239
273,1,11907.8,29.4768,12.059,0.0000951,16.6,139.237
274,1,12602.2,29.9278,12.2557,0.0000833,16.6,119.868
274,1,13120.5,30.1211,12.3564,0.0000832,16.5,103.389
274,1,13499.7,30.0948,12.3688,0.0000783,16.5,88.0999
274,1,13765.7,29.9694,12.337,0.0000738,16.5,75.2382
274,0,14145,29.9255,12.3351,0.0000665,16.4,63.6925
274,0,14629.8,29.9636,12.3573,0.0000621,16.4,53.4772
274,0,15154.9,30.0044,12.3812,0.0000472,16.4,44.5396
275,0,15780.9,30.0798,12.4189,0.0000378,16.4,36.184
275,0,16466.9,30.1787,12.4549,0.0000393,16.4,29.5882
275,0,17212.2,30.2745,12.4812,0.0000355,16.3,24.0016
275,0,17816.8,30.3737,12.4989,0.0000232,16.3,19.3807
275,0,18590.8,30.5311,12.5405,0.0000284,16.3,15.5468
275,0,19438.3,30.7595,12.6038,0.0000301,16.3,12.418
275,0,20392.7,31.0687,12.6773,0.0000131,16.2,9.84939
276,-1,21845.1,31.513,12.8202,0.0000257,16.2,7.78415
276,-1,23899,32.1108,13.03,0.0000237,16.1,6.11921
276,-1,26562.2,32.8588,13.2881,0.0000121,16.1,4.80442
276,-1,30277.5,33.634,13.55,0.0000138,16.1,3.76869
276,-1,33653.5,34.327,13.7669,0.0000195,16.1,2.9734
276,-2,35721.4,34.7989,13.9432,0.0000123,16.1,2.35474
277,-2,38453.7,35.2394,14.1702,0.0000137,16.1,1.87488
277,-2,38957.3,35.4724,14.2708,0.0000094,16,1.5031
277,-2,37516.3,35.6244,14.3145,0.0000141,16,1.21088
277,-2,34032,35.6409,14.3477,0.0000177,16,0.978905
277,-3,32702.7,35.5786,14.5134,0.00000912,15.9,0.793045
277,-3,29786.8,35.5946,14.4233,0.0000212,15.9,0.648034
277,-3,24923.8,35.2153,14.321,0.0000146,15.8,0.535044
278,-3,22480.7,35.1571,14.3195,0.00000956,15.8,0.438916
278,-3,20385.8,34.5266,14.4743,0.0000195,15.8,0.366455
278,-4,16815.9,34.0377,14.1707,0.0000114,15.8,0.310579
278,-4,14413.3,33.7811,14.2206,0.0000156,15.7,0.267614
278,-4,13354.9,33.1843,14.2837,0.0000163,15.7,0.230484
278,-4,11757.8,32.5651,14.1555,0.00000817,15.7,0.201488
279,-4,10375.2,32.2296,13.9568,0.0000272,15.7,0.181036
279,-5,9554.2,31.6926,13.8022,0.0000134,15.7,0.162513
279,-5,8674.63,30.747,13.7552,0.0000195,15.7,0.14908
279,-5,7900.4,29.535,14.0689,0.0000208,15.7,0.138854
279,-5,7416.54,29.7188,13.5047,0.0000131,15.6,0.132532
279,-5,6714.26,27.8532,13.6252,0.0000113,15.6,0.12599
279,-6,6476.05,28.6126,13.4469,0.0000244,15.6,0.122017
280,-6,6145.58,26.6528,13.1137,0.000012,15.6,0.117839
280,-6,5987.85,26.4391,12.6538,0.0000167,15.6,0.114324
280,-6,5644.62,25.722,12.1129,0.0000185,15.6,0.11078
280,-6,5623.61,25.5299,12.7104,0.0000173,15.6,0.109367
280,-7,5548.75,25.4855,13.031,0.0000155,15.6,0.107276
280,-7,5532.06,24.7577,12.263,0.0000167,15.6,0.107507
281,-7,5146.05,23.4742,12.136,0.0000203,15.6,0.106935
281,-7,5093.98,23.6912,11.0282,0.0000216,15.5,0.106293
281,-7,5262.83,23.5174,12.0712,0.0000168,15.5,0.10719
281,-8,5135.17,23.5218,12.5049,0.0000244,15.5,0.104201
281,-8,5055.39,22.9126,13.1441,0.000021,15.5,0.105897
281,-8,5030.48,23.103,12.1145,0.0000216,15.5,0.106868
281,-8,5128.58,22.6917,12.7163,0.00003,15.4,0.104115
282,-8,5072.83,21.9821,12.6079,0.0000193,15.4,0.105639
282,-9,4971.82,21.4279,11.5559,0.0000212,15.4,0.106296
282,-9,4916.23,22.7739,10.9164,0.0000247,15.4,0.105107
282,-9,5042.64,21.9587,12.2075,0.0000208,15.4,0.105693
282,-9,4850.8,21.937,11.7673,0.0000189,15.3,0.106833
282,-9,4833.89,22.1923,11.5277,0.0000234,15.3,0.109676
283,-10,4892.13,22.652,10.9568,0.0000191,15.3,0.104963
283,-10,4745.67,22.8142,11.6805,0.0000203,15.3,0.107597
283,-10,4865.47,21.8358,9.72823,0.0000285,15.3,0.110619
283,-10,4842.47,23.3812,12.0577,0.0000239,15.3,0.108964
283,-10,4960.7,21.5514,11.7423,0.0000258,15.3,0.109977
283,-10,4937.39,22.6046,10.4782,0.0000215,15.3,0.110736
283,-11,4823.43,20.288,10.7293,0.0000192,15.2,0.111804
284,-11,4825.3,22.1282,10.9967,0.0000271,15.2,0.111034
284,-11,4880.3,21.5169,12.5569,0.0000186,15.2,0.107341
284,-11,4834.6,21.2167,11.8901,0.0000118,15.2,0.0990741
284,-11,4580.93,19.6292,13.6524,0.0000107,15.2,0.0904531
284,-12,4578.88,18.8725,15.0842,-0.00000908,15.2,0.084783
284,-12,4551.64,17.4144,17.2572,-0.00000422,15.2,0.0812911
