67,-11,3883.61,21.9532,1.53487,-0.0000352,-0.0225104
67,-10,4251.52,19.8229,2.72495,-0.0000334,-0.0177795
67,-10,2389.35,19.725,-0.0805379,-0.0000428,-0.0171654
67,-10,1541.04,14.3412,-2.72993,-0.0000369,-0.011375
68,-10,35440.8,30.2954,14.2279,-0.0000384,0.125533
68,-10,36915.9,30.1346,13.5076,-0.0000393,0.156353
68,-9,30847.6,29.7834,13.4784,-0.0000379,0.20596
68,-9,25443.5,29.6115,13.1765,-0.0000368,0.265089
68,-9,25505.6,29.726,12.7984,-0.0000369,0.333619
68,-9,24531.6,29.6669,12.6239,-0.0000338,0.42405
69,-9,22169.9,29.4616,12.3751,-0.0000459,0.537243
69,-9,21645.7,29.4418,12.3395,-0.0000413,0.674369
69,-8,20671.8,29.4011,12.0915,-0.0000347,0.850882
69,-8,20615.4,29.3517,12.1103,-0.000042,1.06366
69,-8,19572.1,29.1124,11.9662,-0.000038,1.33836
69,-8,18587.4,28.8899,11.7874,-0.0000426,1.68175
70,-8,17940.3,28.529,11.6145,-0.000041,2.10543
70,-7,17150.6,28.1309,11.444,-0.0000269,2.63879
70,-7,16372.7,27.7129,11.2576,-0.0000306,3.31905
70,-7,15352.4,27.0968,11.0061,-0.0000375,4.18681
70,-7,14361.1,26.4903,10.7642,-0.0000355,5.29653
70,-7,13484,25.8348,10.5132,-0.0000262,6.71651
71,-6,12646,25.1872,10.2643,-0.0000365,8.52473
71,-6,11921.5,24.6064,10.0726,-0.0000314,10.8209
71,-6,11329.7,24.1306,9.91304,-0.0000306,13.7253
71,-6,10896.2,23.7559,9.7933,-0.0000185,17.3273
71,-6,10492.9,23.4785,9.71521,-0.0000136,21.8456
71,-6,10224.9,23.3485,9.69492,-0.00000848,27.3449
71,-5,10023.2,23.3201,9.70646,-0.00000297,34.0198
72,-5,9898.12,23.401,9.75949,0.0000063,42.0034
72,-5,9802.2,23.5304,9.82048,0.000011,51.5356
72,-5,9739.54,23.693,9.89623,0.0000252,62.7688
72,-5,9686.48,23.8329,9.95735,0.0000288,75.841
72,-4,9609.45,23.9357,9.99761,0.0000494,91.0334
72,-4,9519.27,24.0212,10.0258,0.0000575,108.556
73,-4,9414.88,24.0662,10.0312,0.0000753,128.643
73,-4,9282.86,24.0652,10.0196,0.0000991,151.712
73,-4,9115.17,23.9869,9.96753,0.00011317,177.971
73,-3,8899.82,23.8349,9.88429,0.000180617,209.507
73,-3,8665.18,23.6063,9.7775,0.000211248,243.337
73,-3,8425.39,23.3552,9.65702,0.000206124,281.317
73,-3,8180.8,23.0973,9.54417,0.00024101,324.083
74,-3,7945.59,22.8334,9.41829,0.000286525,371.857
74,-2,7723.83,22.5853,9.31243,0.000304796,425.062
74,-2,7519.39,22.3488,9.21177,0.000342065,483.852
74,-2,7326.19,22.1125,9.11541,0.000381699,548.634
74,-2,7140.94,21.8677,9.01348,0.000427235,619.489
74,-2,6968.38,21.6109,8.90975,0.00046006,697.132
75,-2,6806.77,21.3538,8.81035,0.000504974,781.416
75,-1,6656.97,21.0916,8.70885,0.000531699,872.334
75,-1,6514.68,20.8413,8.61542,0.000512511,974.183
75,-1,6385.76,20.5929,8.51848,0.000640947,1080.2
75,-1,6264.01,20.3459,8.4241,0.000723525,1193.84
75,-1,6152.97,20.111,8.33954,0.000721989,1316.14
75,0,6050.67,19.8882,8.25828,0.000778366,1446.02
76,0,5956.08,19.6772,8.18107,0.000883374,1584.18
76,0,5870.94,19.4911,8.10913,0.000884209,1729.98
76,0,5794.68,19.3204,8.05239,0.000894889,1883.86
76,0,5718.93,19.1483,7.99114,0.00100338,2047.1
76,0,5648.54,18.9788,7.92857,0.000976527,2219.84
76,0,5587.29,18.8385,7.88629,0.00113408,2401.32
76,0,5525.95,18.6878,7.83608,0.00115682,2593.08
77,0,5463.2,18.5303,7.78385,0.00136967,2796.17
77,0,5401.58,18.353,7.72457,0.00124543,3012.31
77,1,5339.37,18.1762,7.66375,0.00131766,3241.65
77,1,5283.79,18.0162,7.61023,0.00154168,3483.47
77,1,5224.23,17.8215,7.54339,0.00160274,3740.38
77,1,4886.72,16.2499,6.90707,0.001393,4224.8
78,1,4591.88,14.883,6.36091,0.00219276,4767.46
78,2,4435.92,14.1748,6.08747,0.00215305,5279.1
78,2,4302.49,13.5492,5.84906,0.00220509,5856.26
78,2,4200.35,13.0414,5.66745,0.00294593,6453.67
78,2,4147.51,12.7784,5.58203,0.0022555,7034.04
78,2,4100.56,12.5358,5.50324,0.00265361,7670.34
78,3,4057.67,12.3008,5.43184,0.00345571,8368.79
79,3,4028.92,12.1322,5.38537,0.00408538,9069.13
79,3,4009.68,12.0097,5.35634,0.00364255,9783.98
79,3,3986.5,11.8534,5.31829,0.00365596,10611.1
79,3,3978.82,11.7871,5.30993,0.00407327,11367.6
79,4,3978.3,11.7695,5.31919,0.00447467,12105.7
79,4,3978.8,11.7478,5.33098,0.00444691,12941.9
79,4,3975.4,11.7069,5.33258,0.00490036,13864.6
80,4,3972.93,11.6744,5.3382,0.00533212,14833.5
80,4,3974.57,11.6698,5.34888,0.00543558,15741.5
80,5,3980.66,11.6983,5.37534,0.0053721,16679
80,5,3986.62,11.7335,5.39993,0.00578433,17606.6
80,5,3996.5,11.7767,5.43077,0.00669906,18570.7
80,5,4008.3,11.8387,5.47149,0.00676328,19635.4
80,5,4022.18,11.9169,5.51147,0.00695065,20589.9
81,6,4036.77,12.0164,5.55664,0.00710995,21409.9
81,6,4054.26,12.1194,5.6062,0.0074364,22376.6
81,6,4068.37,12.2094,5.64905,0.00797604,23353
81,6,4084.91,12.3007,5.69547,0.00890746,24522.1
81,6,4100.45,12.3921,5.74294,0.00864685,25742.8
81,7,4114.73,12.4768,5.78665,0.00876448,27091.6
82,7,4133.18,12.5954,5.8402,0.00918224,28209.4
82,7,4148.19,12.6907,5.88367,0.0111539,29426.4
82,7,4163.15,12.7944,5.92792,0.0110892,30546.2
82,7,4179.53,12.8947,5.97356,0.00978374,31680.8
82,7,4190.85,12.9895,6.00993,0.0120384,32674.1
82,8,4203.67,13.0755,6.04539,0.0113795,33829.6
82,8,4213.75,13.1515,6.08123,0.0124114,35122.1
83,8,4227.53,13.2438,6.11987,0.0139687,36310.7
83,8,4239.82,13.3366,6.15607,0.0141776,37477.4
83,8,4257.93,13.464,6.20382,0.0122535,38422.6
83,9,4268.95,13.5543,6.2404,0.0148232,39775.9
83,9,4278.75,13.6283,6.26836,0.0173182,41073.9
83,9,4295.86,13.7524,6.31548,0.016657,42086.2
83,9,4309.71,13.8522,6.35069,0.0185576,43130.5
84,9,4327.48,13.9743,6.40235,0.0178588,44272.2
84,10,4341.93,14.0789,6.44076,0.0181253,45383.6
84,10,4359.69,14.2081,6.4859,0.0206713,46275
84,10,4370.91,14.301,6.52313,0.0210413,47537.4
84,10,4387.03,14.4113,6.56315,0.0209932,48831.4
84,10,4403.37,14.5243,6.60735,0.02164,50199.5
84,11,4427.74,14.6915,6.67049,0.0230673,51360.1
85,11,4446.44,14.8238,6.71801,0.025769,52512.5
85,11,4466.76,14.9678,6.77076,0.025607,53661.6
85,11,4487.39,15.1153,6.82528,0.0269586,54585.2
85,11,4511.12,15.277,6.88048,0.0285114,55351.2
85,12,4527.95,15.3984,6.92106,0.0285916,56276.8
85,12,4541.14,15.4951,6.95639,0.0291735,57024.3
85,12,4558.71,15.6332,7.00047,0.0314483,57523.1
86,12,4570.18,15.7245,7.0311,0.0320548,58472.8
86,12,4585.3,15.828,7.06692,0.0334157,59608.3
86,13,4599.08,15.9254,7.10135,0.0352017,60471
86,13,4614.19,16.0507,7.13826,0.036937,61142.1
86,13,4629.22,16.151,7.17651,0.0365431,62201.7
86,13,4642.57,16.2515,7.20993,0.0398332,63334.7
86,13,4656.54,16.3443,7.24192,0.0392207,64438.3
87,14,4672.47,16.4569,7.27723,0.0423629,65033.2
87,14,4682.73,16.5341,7.30217,0.0449288,66057.8
87,14,4690.64,16.603,7.32396,0.045001,67079.6
87,14,4698.91,16.6665,7.3435,0.0466555,67748.3
87,14,4713.44,16.7806,7.37754,0.0482967,67857.4
87,15,4721.82,16.8636,7.39999,0.0542797,68604.4
88,15,4733,16.927,7.42343,0.0525999,69517
88,15,4742.38,17.0106,7.44521,0.0541546,69103.9
88,15,4761.48,17.1376,7.48899,0.0575882,70273.9
88,15,4759.9,17.16,7.4937,0.0556285,70719.3
88,16,4774.47,17.2463,7.52097,0.0560586,71958.4
88,16,4781.1,17.3099,7.53527,0.063979,72023.8
88,16,4789.23,17.3785,7.55907,0.0581683,72913.8
89,16,4795.18,17.4174,7.56868,0.057905,74183.7
89,16,4799.47,17.475,7.58301,0.0719155,75063.3
89,17,4816.46,17.5904,7.61484,0.0632643,74441.6
89,17,4833.93,17.7139,7.66048,0.0745134,74385.2
89,17,4852.56,17.8269,7.69524,0.0801836,73944.1
89,17,4861.79,17.8989,7.71673,0.0774086,73948.2
89,17,4873.09,17.9969,7.74582,0.0853891,73860.5
90,18,4884.27,18.0707,7.76536,0.0852082,74501.5
90,18,4892.24,18.1316,7.78764,0.0884949,74827.9
90,18,4906.87,18.2384,7.81554,0.0945272,74990.5
90,18,4915.57,18.299,7.83594,0.089345,75745.5
90,18,4924.47,18.3499,7.84965,0.0982457,76517.6
90,19,4929.81,18.4062,7.86681,0.099964,77078.3
91,19,4940.69,18.4873,7.89091,0.105787,77064.7
91,19,4949.58,18.5506,7.90707,0.105471,77280.6
91,19,4962.61,18.639,7.93903,0.11318,77849.1
91,19,4970.05,18.6991,7.95346,0.11566,78372.3
91,20,4981.91,18.7803,7.97995,0.124224,78643.3
91,20,4991.17,18.8396,7.99843,0.130315,79583.2
91,20,4996.66,18.8851,8.01301,0.126562,80645.6
92,20,5001.9,18.9278,8.0224,0.128556,81413.3
92,20,5011.62,18.9863,8.03832,0.135872,81521.2
92,21,5015.34,19.0239,8.04661,0.141142,82284.5
92,21,5024.12,19.0796,8.0656,0.143867,83062
92,21,5031.38,19.1217,8.07518,0.142912,83849.3
92,21,5040,19.1873,8.09899,0.14741,84032.5
92,21,5041.65,19.2128,8.0993,0.157678,85021.5
93,22,5042.91,19.2353,8.10491,0.154182,85779
93,22,5049.83,19.2945,8.12395,0.16098,86099.2
93,22,5060.92,19.3614,8.14219,0.160677,86436.9
93,22,5072.54,19.4344,8.16478,0.168572,86331.9
93,22,5082.62,19.5047,8.18682,0.174038,86542
93,23,5093.29,19.5701,8.20377,0.180035,86377
94,23,5098.14,19.6185,8.21841,0.175347,87072.5
94,23,5105.75,19.6727,8.23132,0.186373,87321
94,23,5110.56,19.71,8.24558,0.190292,87518.2
94,23,5120.04,19.7752,8.2602,0.200023,87594
94,24,5126.21,19.8193,8.27384,0.197105,88061.7
94,24,5129.53,19.834,8.27599,0.203742,88511.9
95,24,5130.97,19.8648,8.28605,0.207822,89015.9
95,24,5139.77,19.9207,8.29792,0.210925,88712.9
95,24,5140.97,19.9443,8.30285,0.218379,88792.4
95,25,5151.24,20.0068,8.3227,0.221903,89549
95,25,5164.06,20.0845,8.34914,0.224762,89488.6
95,25,5168.76,20.1155,8.3586,0.231974,89816.5
95,25,5179.19,20.1786,8.37655,0.239539,90753.9
96,25,5187.1,20.2359,8.38956,0.244112,91421.2
96,26,5200.5,20.3229,8.41731,0.246895,91523.2
96,26,5207.62,20.3676,8.43123,0.254298,92207.7
96,26,5206.34,20.3698,8.42408,0.256998,92724.2
96,26,5208.69,20.3918,8.43265,0.259403,93571.9
96,26,5215.27,20.4315,8.4407,0.272961,93345.6
97,27,5202.46,20.3841,8.42263,0.279534,93211.9
97,27,5210,20.4222,8.43142,0.279711,93489.5
97,27,5215.52,20.4652,8.44975,0.28118,93959.6
97,27,5236,20.5856,8.48414,0.288231,94155.7
97,27,5241.74,20.6336,8.49352,0.289779,94400.6
97,28,5256.16,20.7119,8.52165,0.294024,94513.5
98,28,5261.8,20.755,8.53056,0.296836,93964.4
98,28,5269.9,20.7997,8.54307,0.310979,94575.6
98,28,5271.85,20.8258,8.54794,0.309623,95136.2
98,28,5276.42,20.8528,8.55758,0.318753,95680.6
98,29,5280,20.8832,8.56637,0.328437,95084.2
98,29,5282.27,20.9039,8.57093,0.328008,95337.7
99,29,5293.47,20.9777,8.59299,0.332871,96577.2
99,29,5293.96,20.9775,8.58989,0.340332,96405.3
99,29,5307.64,21.0723,8.61444,0.344005,96233.1
99,30,5319.21,21.1334,8.63109,0.355654,96980.2
99,30,5318.47,21.133,8.63266,0.358481,96897.9
99,30,5324.98,21.1721,8.64673,0.361413,97269.6
100,30,5334.95,21.2398,8.6597,0.363757,96654.3
100,30,5332.4,21.2252,8.65136,0.374625,96899.1
100,31,5334.6,21.2544,8.66541,0.368544,97307.5
100,31,5354.66,21.3566,8.69314,0.379954,97933.2
100,31,5358.64,21.3888,8.69659,0.385522,97708
100,31,5364.66,21.4189,8.713,0.391231,97985.1
101,31,5374.28,21.4823,8.72689,0.402546,98092.6
101,32,5384.77,21.5459,8.74274,0.406603,98188.4
101,32,5391.01,21.5848,8.75657,0.406545,98735.9
101,32,5393.5,21.6078,8.76092,0.417007,99064
101,32,5399.32,21.6447,8.77164,0.41576,99638.5
101,32,5402.02,21.6691,8.7764,0.418378,99129.3
102,33,5402.3,21.6673,8.76995,0.426014,99286.5
102,33,5399.06,21.6709,8.7713,0.429851,99626.7
102,33,5407.6,21.7174,8.79,0.446182,100282
102,33,5411.11,21.7371,8.79095,0.449815,99658
102,33,5413.47,21.752,8.79669,0.448604,99950.1
103,34,5411.18,21.7496,8.79272,0.45943,100055
103,34,5412.71,21.7632,8.79284,0.460038,100487
103,34,5417.79,21.7956,8.80001,0.46515,100445
103,34,5413.08,21.7824,8.79739,0.474445,100282
103,34,5410.49,21.7584,8.78471,0.469293,100348
103,35,5413.8,21.7981,8.7964,0.472707,100098
104,35,5420.07,21.8354,8.80899,0.483843,100103
104,35,5429.79,21.8803,8.82101,0.498642,100653
104,35,5424.86,21.8627,8.81185,0.494115,100225
104,35,5432.15,21.9121,8.82353,0.508331,100755
104,36,5426.77,21.8853,8.81907,0.506041,100843
105,36,5431.63,21.9154,8.82655,0.517382,101042
105,36,5442.75,21.9767,8.84339,0.509076,100612
105,36,5442.51,21.9836,8.84374,0.514038,100902
105,36,5446.76,22.0006,8.84758,0.519784,101102
105,36,5440.71,21.988,8.84233,0.520897,101073
106,37,5447.29,22.0251,8.84762,0.531364,100803
106,37,5455.96,22.0784,8.8725,0.528133,101167
106,37,5457.32,22.079,8.87414,0.516378,101667
106,37,5463.2,22.1065,8.87549,0.51915,101273
106,37,5465.89,22.1258,8.88659,0.516609,101724
107,38,5466.55,22.1392,8.88818,0.504508,102007
107,38,5468.98,22.1506,8.89196,0.515611,102082
107,38,5475.5,22.1925,8.90335,0.507652,101504
107,38,5478.14,22.2218,8.91034,0.518408,101827
107,38,5481.28,22.2285,8.90899,0.533563,102216
107,39,5481.92,22.248,8.91142,0.545523,102583
108,39,5483.81,22.2551,8.91201,0.549011,102090
108,39,5483.55,22.2688,8.91157,0.550135,102659
108,39,5488.89,22.301,8.92397,0.559403,102751
108,39,5491.3,22.3104,8.92394,0.577938,102922
109,40,5503.99,22.3832,8.95035,0.581169,102735
109,40,5514.86,22.4528,8.96825,0.596542,103168
109,40,5521.3,22.4832,8.97622,0.595667,103439
109,40,5523.72,22.502,8.97817,0.608002,103158
109,40,5534.86,22.5662,8.99593,0.604844,103558
110,40,5540.21,22.5918,9.00467,0.621168,103753
110,41,5535.35,22.5712,8.99649,0.619584,103741
110,41,5546.86,22.6382,9.0161,0.630903,104028
110,41,5541.31,22.6108,9.00614,0.636453,103645
110,41,5539.69,22.6125,9.00247,0.642002,103818
111,41,5541.37,22.6184,9.0081,0.646431,103796
111,42,5541.74,22.6264,9.00793,0.652653,103615
111,42,5547.88,22.6668,9.01772,0.666093,103865
111,42,5537.44,22.6167,9.00066,0.672715,103607
111,42,5531.09,22.5829,8.99209,0.666632,103603
112,42,5545.89,22.6625,9.01213,0.678442,103697
112,43,5530.27,22.595,8.9885,0.684978,103313
112,43,5545.04,22.6655,9.01056,0.684515,104037
112,43,5547.46,22.6842,9.01566,0.69751,104397
113,43,5559.3,22.7448,9.03363,0.693528,104219
113,43,5531.94,22.6172,8.98605,0.689887,103447
113,43,5553.63,22.7238,9.02099,0.698793,104411
113,44,5576.04,22.8472,9.05877,0.720804,104913
113,44,5578.64,22.8559,9.06285,0.726121,105161
114,44,5579.25,22.8734,9.06772,0.730159,105209
114,44,5573.54,22.8412,9.05586,0.727775,105017
114,44,5571.42,22.8387,9.04911,0.729616,104576
114,45,5567.14,22.8253,9.04741,0.744914,104573
115,45,5567.47,22.8227,9.04118,0.738402,104846
115,45,5569.33,22.8366,9.05138,0.750724,104964
115,45,5574.6,22.8649,9.05547,0.748711,104683
115,45,5575.1,22.8644,9.05329,0.759322,105057
116,45,5585.53,22.9161,9.06968,0.767212,105540
116,46,5581.94,22.9115,9.07004,0.766309,105726
116,46,5582.76,22.9166,9.06822,0.775694,105268
116,46,5593.54,22.9629,9.08855,0.775633,105697
117,46,5589.01,22.9507,9.0806,0.783433,105743
117,46,5589.82,22.9566,9.0766,0.78408,105411
117,47,5593.53,22.9755,9.08413,0.795909,105837
117,47,5586.72,22.9449,9.07576,0.795934,105945
118,47,5583.12,22.9191,9.06695,0.792615,106016
118,47,5590.05,22.9592,9.07932,0.784754,106181
118,47,5570.97,22.865,9.05138,0.770606,105380
118,47,5561.03,22.8162,9.03428,0.765183,104867
119,48,5560.8,22.8167,9.03517,0.767751,105305
119,48,5562.23,22.8265,9.04139,0.758809,104831
119,48,5565.58,22.8454,9.04733,0.757912,105320
119,48,5566.61,22.8479,9.04683,0.754986,105688
120,48,5574.11,22.8895,9.05693,0.753796,105836
120,48,5585.35,22.9531,9.07394,0.766305,105587
120,49,5585.91,22.9715,9.07882,0.78038,105560
120,49,5583.74,22.9622,9.0781,0.787873,105695
121,49,5584.46,22.967,9.07212,0.791166,105128
121,49,5583.69,22.9705,9.07141,0.78618,105025
121,49,5585.75,22.9779,9.07298,0.797286,105009
122,49,5587.75,22.983,9.07501,0.809158,105327
122,50,5588.59,23.0024,9.07661,0.806777,104690
122,50,5594.94,23.0314,9.08883,0.820371,105519
122,50,5602.01,23.0569,9.0974,0.837607,105944
123,50,5600.57,23.0665,9.0964,0.84448,105916
123,50,5588.48,23.0114,9.07504,0.83951,105031
123,50,5592.63,23.0289,9.0848,0.844034,105356
123,51,5588.74,23.0178,9.07729,0.842348,105412
124,51,5601.31,23.0793,9.09891,0.863772,106123
124,51,5599.12,23.0773,9.09491,0.860052,105156
124,51,5594.98,23.061,9.08795,0.864053,105144
125,51,5602.03,23.0916,9.09999,0.862433,105750
125,51,5608.28,23.131,9.11054,0.878941,106235
125,52,5605.39,23.1093,9.09883,0.866367,105238
126,52,5594.29,23.0566,9.08021,0.871181,104962
126,52,5603.07,23.1112,9.09808,0.87863,105226
126,52,5601.11,23.0996,9.09346,0.878512,104829
126,52,5613.91,23.1629,9.11566,0.897688,105218
127,52,5612.01,23.1504,9.11439,0.894012,105511
127,53,5616.51,23.1768,9.11508,0.900985,105618
127,53,5615.5,23.1702,9.11559,0.901547,105297
128,53,5605.32,23.1291,9.10022,0.891587,104731
128,53,5609.3,23.1499,9.10681,0.900993,105126
128,53,5616.01,23.1803,9.11583,0.90424,105766
129,53,5623.91,23.2149,9.12678,0.911316,105625
129,54,5616.68,23.1853,9.12013,0.908158,105757
129,54,5620.67,23.2018,9.12532,0.911876,105316
130,54,5615.02,23.174,9.11564,0.910744,105660
130,54,5604.74,23.1278,9.09996,0.905894,104735
130,54,5607.21,23.1363,9.10259,0.910998,105343
131,54,5623.64,23.2151,9.12486,0.916311,106340
131,54,5625.84,23.2298,9.13104,0.921101,105843
131,55,5624.78,23.2178,9.13007,0.934076,106233
132,55,5618.79,23.194,9.11906,0.928108,106005
132,55,5613.43,23.1779,9.11447,0.938258,106353
132,55,5619.33,23.2061,9.12594,0.941495,106086
133,55,5613.78,23.1799,9.11704,0.932045,106072
133,55,5617.39,23.1992,9.12167,0.945711,106167
133,55,5617.08,23.1929,9.1182,0.942288,106235
134,56,5620.22,23.2153,9.12838,0.945438,105665
134,56,5613.35,23.1794,9.11638,0.940688,105572
134,56,5624.86,23.2319,9.12786,0.958441,106532
135,56,5626.57,23.2497,9.13494,0.965388,106904
135,56,5626.96,23.2491,9.13342,0.957859,106232
136,56,5619.56,23.2247,9.13136,0.959152,105931
136,56,5626.64,23.248,9.13549,0.962321,106586
136,57,5620.94,23.2272,9.12722,0.96155,106079
137,57,5609.28,23.1752,9.11232,0.960467,105236
137,57,5601.74,23.133,9.09514,0.94737,104546
137,57,5585.79,23.0561,9.07306,0.933503,103710
138,57,5604.97,23.1339,9.0993,0.938441,104581
138,57,5603.66,23.1261,9.09825,0.929124,104770
139,57,5596.74,23.0972,9.08732,0.916264,104356
139,58,5608.56,23.1632,9.11257,0.921104,105628
139,58,5618.68,23.2026,9.12345,0.915136,105378
140,58,5622.44,23.2285,9.13411,0.9144,105681
140,58,5631.3,23.2674,9.14298,0.920494,106495
141,58,5622.13,23.2293,9.12951,0.917767,106140
141,58,5620.77,23.2233,9.12909,0.917732,105720
141,58,5619.75,23.2201,9.12945,0.926976,105493
142,58,5619.02,23.2273,9.12889,0.924778,105610
142,59,5614.98,23.2017,9.11908,0.927172,104483
143,59,5612.47,23.1979,9.11834,0.939569,104565
143,59,5612.39,23.1944,9.11634,0.92897,104900
144,59,5623.94,23.2504,9.13275,0.957495,105813
144,59,5628.67,23.2735,9.1414,0.946458,105390
144,59,5626.83,23.2663,9.13807,0.968933,105380
145,59,5628.2,23.2793,9.14135,0.959119,105458
145,59,5624.65,23.253,9.13526,0.966188,105473
146,59,5630.3,23.285,9.14325,0.96962,105268
146,60,5621.86,23.2502,9.13237,0.971791,105375
147,60,5632.6,23.3017,9.149,0.977326,105852
147,60,5629.17,23.2777,9.13877,0.982118,105933
147,60,5631.83,23.2904,9.14581,0.979941,105522
148,60,5620.33,23.2377,9.12569,0.976693,105028
148,60,5630.33,23.2935,9.14752,0.983834,106004
149,60,5626.06,23.2733,9.14156,0.992586,105705
149,60,5619.47,23.2339,9.12771,0.982513,104804
150,60,5606.97,23.175,9.10982,0.985172,104242
150,61,5606.46,23.1795,9.11232,0.987511,104411
151,61,5619.54,23.2489,9.1342,0.985208,104751
151,61,5633.64,23.3085,9.15062,0.993616,105705
152,61,5629.97,23.2882,9.14607,0.999986,105599
152,61,5625.8,23.2706,9.13781,0.990821,104935
153,61,5621.22,23.2569,9.13378,0.997023,104636
153,61,5628.27,23.2881,9.14355,0.998071,105129
154,61,5628.45,23.2828,9.14162,0.996816,104871
154,61,5630.35,23.2992,9.14693,0.994109,104508
154,61,5622.83,23.2607,9.13559,0.992356,104090
155,61,5618.19,23.2406,9.12389,0.999239,104141
155,62,5624.15,23.2727,9.13558,0.99484,104470
156,62,5618.95,23.2426,9.12545,1.00312,103741
156,62,5630.25,23.3064,9.14632,1.00716,104419
157,62,5639.51,23.3501,9.16341,1.01698,105391
157,62,5640.34,23.3461,9.15939,1.00952,105055
158,62,5646.89,23.3751,9.17142,1.01104,105763
158,62,5640.17,23.3373,9.15832,0.992425,105449
159,62,5636.05,23.3252,9.15819,0.986412,105460
160,62,5627.21,23.2708,9.14519,0.957213,104180
160,62,5623.5,23.2617,9.13556,0.965141,104318
161,62,5621.36,23.2546,9.13573,0.960482,104407
161,62,5615.18,23.2145,9.12383,0.940968,104093
162,62,5615.86,23.2192,9.12596,0.927971,103320
162,62,5630.41,23.2889,9.14869,0.943982,104665
163,63,5633.36,23.3015,9.15518,0.941846,104885
163,63,5630.69,23.2889,9.14997,0.950261,104686
164,63,5619.44,23.2407,9.1315,0.948335,103391
164,63,5626.44,23.2664,9.14229,0.956772,104193
165,63,5626.51,23.2705,9.14206,0.964808,104423
165,63,5625.38,23.2701,9.14103,0.965014,103813
166,63,5631.88,23.2989,9.15367,0.969192,104449
166,63,5632.81,23.3036,9.15466,0.983145,104495
167,63,5635.07,23.3163,9.15799,0.979652,104688
167,63,5639.34,23.3406,9.16526,0.982282,104680
168,63,5626.19,23.2761,9.14361,0.978959,103946
169,63,5635.75,23.3313,9.15836,0.982122,104514
169,63,5624.62,23.2701,9.1442,0.983221,103936
170,63,5631.93,23.2997,9.15317,0.974774,103664
170,63,5637.56,23.3291,9.16568,0.994874,104478
171,63,5631.37,23.2961,9.15397,0.98911,104065
171,63,5625.48,23.278,9.14728,0.986526,103949
172,63,5631.19,23.3044,9.1584,0.998763,103691
172,63,5651.47,23.3918,9.18258,1.00549,105254
173,63,5654.48,23.4094,9.19181,1.01418,105478
173,63,5655.54,23.421,9.19089,1.00863,105342
174,63,5648.29,23.3798,9.17925,1.00936,104939
175,63,5638.57,23.3441,9.16886,1.00134,104845
175,63,5636.2,23.3241,9.16142,1.01065,104665
176,63,5634.49,23.3096,9.15258,0.995069,104091
176,63,5633.64,23.3107,9.15712,1.00315,104195
177,63,5644.48,23.3565,9.17432,1.0098,105072
177,63,5646,23.3756,9.18034,1.01175,105526
178,63,5647.1,23.3754,9.18111,0.999012,105253
178,63,5626.96,23.2676,9.15234,0.97402,104010
179,63,5622.12,23.2395,9.14707,0.963384,103980
180,63,5620.9,23.2385,9.14475,0.956135,104161
180,63,5617.17,23.2164,9.13776,0.951724,104034
181,63,5625.79,23.2584,9.14826,0.94298,104108
181,63,5629.85,23.2738,9.1594,0.937655,104562
182,63,5631.26,23.28,9.1616,0.925098,104884
182,63,5638.39,23.3121,9.1734,0.941459,105853
183,63,5632.36,23.2801,9.16011,0.93752,104579
184,63,5636.61,23.303,9.1692,0.938926,105265
184,63,5632.82,23.2845,9.16351,0.943346,104673
185,63,5624.35,23.2455,9.1484,0.927475,104496
185,63,5632.88,23.2832,9.16264,0.947863,104875
186,63,5629.52,23.2756,9.15724,0.943286,104199
186,63,5621.29,23.2392,9.14747,0.9431,104140
187,63,5620.26,23.23,9.14789,0.94398,104057
187,63,5626.27,23.2615,9.15434,0.95011,104425
188,63,5626.11,23.2567,9.15259,0.947458,103739
188,63,5625.22,23.2504,9.14643,0.94916,104137
189,63,5635.6,23.3135,9.17279,0.970789,105077
190,63,5630.8,23.2827,9.15683,0.961414,104587
190,63,5625.29,23.2464,9.15361,0.959256,103841
191,63,5629.99,23.2835,9.16075,0.959493,104394
191,63,5616.87,23.2126,9.13982,0.960213,103449
192,63,5622.37,23.24,9.14866,0.955407,103910
192,63,5626.5,23.2573,9.15482,0.970191,104167
193,63,5627.26,23.2632,9.15388,0.96667,103919
193,63,5630.28,23.2763,9.15909,0.965742,104160
194,63,5628.38,23.2742,9.15982,0.974424,104233
194,63,5635.04,23.2979,9.16485,0.977155,104930
195,63,5633.53,23.2925,9.16395,0.970362,104190
196,63,5634.61,23.2843,9.16505,0.960153,104444
196,63,5618.08,23.2107,9.13539,0.953531,103358
197,63,5607.88,23.1555,9.11874,0.946802,102775
197,62,5617.61,23.2084,9.13896,0.954227,103242
198,62,5631.05,23.2613,9.16124,0.951125,103708
198,62,5637.13,23.2909,9.16855,0.955445,104224
199,62,5625.7,23.2428,9.15569,0.944135,103984
199,62,5627.19,23.2375,9.15509,0.933533,103999
200,62,5623.08,23.2225,9.14958,0.926123,103763
200,62,5617.53,23.1886,9.13938,0.907992,103898
201,62,5617.27,23.1825,9.14063,0.896343,104198
201,62,5618.35,23.1918,9.14431,0.896444,104692
202,62,5625.7,23.2147,9.15729,0.877923,104820
202,62,5619.16,23.1827,9.14892,0.869126,104183
203,62,5620.76,23.195,9.14536,0.871103,104438
203,62,5609.75,23.139,9.12682,0.87223,103730
204,62,5610.24,23.1453,9.13568,0.871377,104059
204,61,5611.23,23.1431,9.13589,0.873358,103572
205,61,5608.81,23.1284,9.13083,0.873144,103268
205,61,5609.47,23.1338,9.13301,0.873195,103735
206,61,5607.9,23.1148,9.12709,0.880519,103959
206,61,5609.8,23.1343,9.12929,0.876313,103634
207,61,5614.35,23.1467,9.13873,0.885388,104194
207,61,5613.08,23.15,9.13813,0.890319,104306
208,61,5616.67,23.1625,9.14324,0.897016,104746
208,61,5626,23.2072,9.15847,0.896154,105523
209,61,5601.93,23.09,9.11602,0.877931,103528
209,61,5591.27,23.0371,9.09916,0.870156,102841
209,60,5591.11,23.0382,9.10164,0.878757,102904
210,60,5597.62,23.0644,9.11098,0.878738,103400
210,60,5602.26,23.0852,9.12183,0.878663,103159
211,60,5588.5,23.0152,9.10058,0.86164,102900
211,60,5584.7,22.9892,9.09176,0.873135,102928
212,60,5577.67,22.9536,9.08204,0.861382,103157
212,60,5583.91,22.9786,9.09216,0.858889,103266
213,60,5585.36,22.9913,9.09569,0.865063,103687
213,60,5583.13,22.9719,9.09261,0.864588,103795
213,59,5586.8,22.9919,9.09602,0.868199,104287
214,59,5581.04,22.9593,9.08678,0.862425,103871
214,59,5571.51,22.9016,9.0752,0.846866,102975
215,59,5567.59,22.8844,9.06553,0.84116,102701
215,59,5566.79,22.8763,9.06888,0.841583,102702
216,59,5574.48,22.9041,9.07597,0.843113,103715
216,59,5561.3,22.8478,9.06067,0.84634,103268
216,59,5558.16,22.819,9.04819,0.835127,103144
217,59,5545.9,22.7579,9.03414,0.826204,102546
217,58,5543.09,22.7377,9.02573,0.821349,102361
218,58,5545.01,22.7448,9.03125,0.81971,102879
218,58,5540.01,22.7283,9.02918,0.807138,102427
219,58,5538,22.7082,9.02162,0.807278,102202
219,58,5529.81,22.6683,9.00352,0.806253,101792
219,58,5522.75,22.6333,8.99798,0.801622,101802
220,58,5526.67,22.6454,9.00206,0.799218,101862
220,58,5538.67,22.7094,9.02149,0.803249,102730
221,57,5544.22,22.7331,9.0278,0.8015,103136
221,57,5536.38,22.704,9.01899,0.808542,102866
221,57,5530.52,22.6592,9.00903,0.793386,102417
222,57,5525.75,22.6301,8.99834,0.794039,102085
222,57,5538.63,22.7031,9.01875,0.793088,103043
222,57,5537.48,22.6927,9.02143,0.807245,103218
223,57,5541.6,22.7085,9.02231,0.800634,103121
223,56,5555.37,22.7731,9.04471,0.798038,103599
224,56,5556.65,22.7863,9.04552,0.800897,103681
224,56,5558.35,22.789,9.04809,0.801234,103512
224,56,5560.64,22.805,9.05185,0.798609,103719
225,56,5553.54,22.7721,9.04102,0.796177,103150
225,56,5547.92,22.7474,9.03646,0.792925,103113
225,56,5573.24,22.8515,9.07404,0.803342,104088
226,55,5563.63,22.8143,9.05883,0.7982,103790
226,55,5571.55,22.8567,9.0674,0.792287,104339
226,55,5570.31,22.8411,9.06556,0.793728,103751
227,55,5580.09,22.8907,9.08394,0.799461,104259
227,55,5588.42,22.9371,9.09709,0.797509,104792
227,55,5583.23,22.8921,9.08718,0.780877,104444
228,55,5573.23,22.8472,9.07418,0.76049,103937
228,54,5558.5,22.7773,9.05152,0.752038,103638
229,54,5543.09,22.6893,9.02501,0.730136,102881
229,54,5556.13,22.7482,9.04525,0.7383,103948
229,54,5556.82,22.752,9.05048,0.727868,104111
230,54,5572.1,22.8244,9.07293,0.716892,104673
230,54,5561.01,22.7663,9.05311,0.706645,104185
230,54,5567.52,22.7964,9.06667,0.710326,104438
230,53,5564.12,22.7936,9.06298,0.706763,103855
231,53,5579.61,22.863,9.08429,0.724041,104640
231,53,5571.15,22.8112,9.07386,0.710179,104473
231,53,5565.51,22.7911,9.06423,0.718348,104409
232,53,5559.32,22.7515,9.05558,0.704543,103617
232,53,5550.41,22.7021,9.04404,0.702021,103569
232,52,5559.63,22.7433,9.05337,0.717359,104114
233,52,5567.69,22.7862,9.06551,0.712306,104735
233,52,5559.24,22.7424,9.05346,0.720139,104659
233,52,5556.06,22.7222,9.04701,0.703023,104498
234,52,5553.11,22.7076,9.04983,0.700645,104515
234,52,5539.1,22.6206,9.01838,0.700724,103741
234,51,5543.86,22.6468,9.03052,0.703971,104389
235,51,5534.5,22.5974,9.01611,0.689622,104015
235,51,5526.38,22.5561,9.0027,0.689253,103636
235,51,5523.39,22.5416,8.99679,0.691607,104065
235,51,5529.18,22.5706,9.01285,0.694073,104980
236,51,5505.62,22.4434,8.96829,0.675748,103866
236,50,5501.78,22.4206,8.96396,0.666955,103494
236,50,5490.74,22.3646,8.94799,0.66807,102972
237,50,5496.02,22.3817,8.95516,0.665868,103273
237,50,5491,22.3507,8.94955,0.662708,103048
237,50,5494.4,22.3649,8.95292,0.66193,102815
237,50,5503.53,22.4076,8.96492,0.654613,103037
238,49,5505.52,22.428,8.97407,0.667314,103436
238,49,5506.46,22.4122,8.97153,0.651706,103540
238,49,5484.22,22.3003,8.93602,0.653346,102008
238,49,5484.36,22.3034,8.93943,0.637453,102378
239,49,5495.7,22.3538,8.95269,0.626557,102729
239,49,5490.57,22.3218,8.94561,0.634279,102612
239,48,5482.84,22.2909,8.93535,0.629761,102086
240,48,5497.82,22.3501,8.95661,0.633737,102842
240,48,5489.56,22.3059,8.94334,0.630178,102695
240,48,5480.72,22.2586,8.92963,0.623557,102832
240,48,5475.58,22.2312,8.92392,0.62261,102627
241,48,5482.58,22.2607,8.93656,0.615026,103027
241,47,5493.55,22.3098,8.94948,0.622222,103728
241,47,5488,22.2826,8.94313,0.610008,103622
241,47,5480.99,22.2382,8.93174,0.598409,103335
242,47,5466.2,22.1592,8.91002,0.579852,102890
242,47,5461.31,22.117,8.90051,0.569774,102284
242,47,5458.91,22.1118,8.89883,0.557993,101936
242,46,5453.35,22.0729,8.88893,0.552498,102174
243,46,5452.13,22.0665,8.88948,0.535519,102129
243,46,5432,21.961,8.85776,0.510064,100897
243,46,5423.97,21.9027,8.84343,0.492645,100651
243,46,5416.57,21.8608,8.82552,0.497459,100328
244,45,5426.8,21.9157,8.84361,0.504616,101328
244,45,5436.17,21.9557,8.86105,0.503212,102017
244,45,5436.35,21.9579,8.86278,0.507406,102385
244,45,5434.74,21.9382,8.85938,0.5011,102411
245,45,5431.96,21.9248,8.8544,0.503547,102460
245,45,5439.79,21.9651,8.86417,0.514835,103054
245,44,5404.21,21.7746,8.80977,0.494587,100675
245,44,5395.96,21.7372,8.79933,0.491599,100495
245,44,5406.85,21.7804,8.81521,0.488782,100988
246,44,5407.46,21.7843,8.8189,0.487486,101276
246,44,5392.03,21.7022,8.78914,0.48547,100037
246,43,5384.68,21.6576,8.77614,0.471634,99653.3
246,43,5386.79,21.6711,8.78201,0.482168,99801.7
247,43,5383.24,21.6408,8.77549,0.471165,99347.2
247,43,5368,21.5542,8.74736,0.460831,98320.4
247,43,5369.41,21.5587,8.7498,0.460002,97764.3
247,43,5378.12,21.5959,8.76344,0.459026,98402.2
247,42,5382.22,21.6152,8.77248,0.471712,98907.2
248,42,5385.98,21.6295,8.77933,0.467996,99540.4
248,42,5370.26,21.5474,8.75171,0.455702,98705.8
248,42,5343.17,21.3807,8.7049,0.435185,97079.6
248,42,5334.41,21.342,8.6892,0.433961,96589.9
249,41,5332.8,21.3314,8.68909,0.435166,96544.6
249,41,5338.94,21.3542,8.69638,0.429714,97018.2
249,41,5332.22,21.3137,8.68628,0.423877,96540.4
249,41,5330.65,21.2948,8.68128,0.417518,96197
249,41,5334.12,21.3201,8.69226,0.405213,96684
250,40,5336.45,21.3267,8.69751,0.416823,96746.1
250,40,5338.24,21.3326,8.70281,0.408481,96434.6
250,40,5334.3,21.2986,8.68621,0.407553,96417.9
250,40,5316.65,21.2074,8.6595,0.400702,95388
250,40,5311.57,21.1823,8.65232,0.399365,95282.8
251,40,5315.13,21.1796,8.6538,0.389697,95226.5
251,39,5301.57,21.1014,8.63411,0.383474,94939.9
251,39,5289.8,21.0386,8.61223,0.377074,95026.1
251,39,5286.19,21.0204,8.61018,0.381831,95389.6
251,39,5283.72,20.9939,8.60332,0.383339,95737.6
252,39,5279.18,20.9623,8.59093,0.367805,95162.2
252,38,5279.86,20.9635,8.59528,0.364091,95221.2
252,38,5284.06,20.9661,8.5944,0.366031,95401.8
252,38,5273.79,20.9139,8.58342,0.357369,95345
252,38,5271.01,20.8997,8.58323,0.351276,94623
253,38,5275.68,20.9128,8.59141,0.346111,94437.9
253,37,5265.69,20.8595,8.57139,0.332058,93533.5
253,37,5260.85,20.8297,8.56014,0.341596,93447.1
253,37,5261.88,20.8228,8.56119,0.337,93608.8
253,37,5251.99,20.7524,8.54338,0.327963,92960.3
254,37,5238.85,20.6772,8.51628,0.328069,92334.1
254,36,5237.11,20.6739,8.52002,0.322126,92465.9
254,36,5237.86,20.6663,8.5178,0.315295,92234.7
254,36,5217.11,20.5418,8.47986,0.312326,91037.8
254,36,5204.87,20.4741,8.45807,0.302087,90611.2
255,36,5202.47,20.4554,8.45463,0.301965,90995
255,36,5192.31,20.3911,8.43726,0.293628,90187.3
255,35,5193.58,20.3833,8.43761,0.290477,90450.6
255,35,5187.03,20.3446,8.42673,0.28591,90111
255,35,5195.34,20.3895,8.44371,0.28936,90573.5
256,35,5184.92,20.3222,8.42631,0.280938,89924.9
256,35,5182.37,20.3009,8.41991,0.26939,89654.9
256,34,5166.98,20.1986,8.38819,0.260463,88575.7
256,34,5162.89,20.1656,8.37913,0.250378,88628
256,34,5144.92,20.067,8.35107,0.242098,87906.7
256,34,5139.31,20.0224,8.33696,0.226873,87621.8
257,34,5130.62,19.9674,8.32205,0.223561,87367.2
257,33,5121.52,19.9133,8.31001,0.209049,86912.6
257,33,5116.95,19.8744,8.29401,0.201131,86565.9
257,33,5112.06,19.838,8.27859,0.201475,86093.3
257,33,5088.73,19.7096,8.24192,0.198319,84488.6
257,33,5091.59,19.7141,8.24783,0.2011,84793.9
258,32,5087.21,19.6888,8.23688,0.201741,84644.1
258,32,5088.47,19.6919,8.24331,0.190559,84294.5
258,32,5097.81,19.7319,8.25652,0.20069,84378.1
258,32,5095.26,19.7045,8.25164,0.197329,84056.8
258,32,5077.42,19.6057,8.21829,0.194061,82844.1
259,31,5070.38,19.5568,8.20326,0.187177,82685.2
259,31,5074.71,19.5677,8.20623,0.185201,82993.8
259,31,5062.58,19.4924,8.18588,0.185189,82154.4
259,31,5049.58,19.4153,8.15878,0.177497,81419.9
259,31,5045.73,19.387,8.15263,0.188528,81223.1
259,30,5040.32,19.3438,8.141,0.184406,81072.1
260,30,5026.69,19.2688,8.11593,0.177635,80765.3
260,30,5014.93,19.1824,8.09359,0.176927,80552.7
260,30,5001.68,19.0964,8.06359,0.16902,80127.9
260,30,4988.21,19.0148,8.03384,0.171461,80395.8
260,29,4977.06,18.9358,8.01133,0.177049,80588
260,29,4961.79,18.8427,7.98171,0.170726,80256.2
261,29,4958.15,18.8166,7.97711,0.170099,79943.1
261,29,4959.18,18.8059,7.97476,0.16276,79359
261,29,4956.06,18.7781,7.97267,0.157233,79619.6
261,28,4943.55,18.7017,7.94232,0.160871,79106.9
261,28,4934.63,18.6322,7.9265,0.152606,78550.8
261,28,4933.39,18.6176,7.92518,0.165564,77368.2
262,28,4921.58,18.5459,7.89587,0.160762,76428.3
262,28,4913.97,18.4934,7.87948,0.154379,76350.8
262,27,4902.46,18.4133,7.85693,0.145278,76311.5
262,27,4888.53,18.3252,7.83021,0.145862,75975
262,27,4886.63,18.2977,7.82687,0.147339,76459.6
262,27,4892.38,18.3194,7.83884,0.139718,76699.2
263,27,4889.35,18.283,7.82835,0.140614,76397.9
263,26,4875.48,18.1886,7.80115,0.140687,75290.2
263,26,4854.26,18.0667,7.7521,0.134428,73654.5
263,26,4846.12,18.0086,7.73872,0.136606,73153.2
263,26,4835.26,17.9275,7.71234,0.137287,73523.4
263,26,4823.75,17.8436,7.68955,0.131603,73794.7
264,25,4803.11,17.7206,7.64551,0.13028,73113.6
264,25,4790.56,17.6362,7.61932,0.12455,72825.4
264,25,4784.52,17.5791,7.60532,0.128681,73316.8
264,25,4776.95,17.5176,7.58852,0.116771,72430.6
264,25,4775.39,17.4978,7.58499,0.117458,71299.8
264,24,4758.61,17.3969,7.54919,0.114209,69364.5
265,24,4745.01,17.3077,7.5191,0.110999,68204.7
265,24,4736.47,17.2537,7.50557,0.115117,67809.8
265,24,4736,17.2221,7.50085,0.107468,68015.3
265,24,4711.25,17.0639,7.44202,0.113167,67716
265,23,4694.92,16.9426,7.40342,0.104838,67749.6
265,23,4686.69,16.8758,7.38607,0.100013,67409.4
265,23,4671.62,16.7797,7.35778,0.0829035,66224.7
266,23,4659.19,16.6986,7.3292,0.0827075,64225.8
266,23,4656.61,16.6603,7.32,0.0733044,63348.3
266,22,4642.2,16.5549,7.28165,0.0548225,62829.1
266,22,4643.4,16.5313,7.28314,0.0552462,62854.3
266,22,4624.77,16.4138,7.24621,0.0457331,62739.2
266,22,4602.46,16.2548,7.19012,0.049777,62991
267,22,4587,16.1437,7.15476,0.0582913,63003.4
267,21,4589.39,16.1335,7.16051,0.0583796,63121.3
267,21,4587.61,16.1168,7.16028,0.0437096,62502.6
267,21,4586.09,16.0979,7.15166,0.0586059,61500.9
267,21,4571.41,15.996,7.1133,0.0597063,60677.9
267,21,4548.51,15.8472,7.05847,0.0555285,59324.7
267,20,4528.61,15.7121,7.01068,0.0561754,58548.9
268,20,4512.05,15.6053,6.97357,0.0578115,58087.4
268,20,4492.37,15.4588,6.91861,0.0562705,57228.7
268,20,4475.53,15.3471,6.88458,0.0311989,56697
268,20,4457.01,15.2105,6.83823,0.0295455,55979.5
268,19,4445.12,15.12,6.80847,0.034197,55607.8
268,19,4432.58,15.0235,6.77891,0.0332219,55345.6
269,19,4421.43,14.9366,6.75015,0.0298447,55155.3
269,19,4410.64,14.856,6.72136,0.0315594,54435.7
269,19,4393.6,14.7336,6.68104,0.0317078,54352.7
269,18,4376.92,14.603,6.63408,0.0274582,54382.8
269,18,4358.43,14.4804,6.59159,0.0289894,53803
269,18,4346.65,14.3944,6.56085,0.0257719,52905.5
269,18,4336.85,14.2988,6.53074,0.0281548,51747.4
270,18,4330.94,14.2554,6.51622,0.0256637,50739.4
270,17,4333.34,14.2575,6.51808,0.0265449,49303.1
270,17,4329.51,14.2173,6.50038,0.0278966,48204.2
270,17,4315.3,14.1105,6.46717,0.0244685,46941.1
270,17,4305.3,14.0506,6.43686,0.0266497,45091
270,17,4289.94,13.9499,6.39704,0.0264199,43742.5
270,16,4284.59,13.8831,6.37677,0.0238264,43254.4
271,16,4277.67,13.8144,6.35596,0.0227609,43028
271,16,4261.54,13.6932,6.31636,0.0237536,42385.2
271,16,4247.79,13.5801,6.27567,0.0233644,42023
271,16,4231.49,13.4503,6.2298,0.0218718,41722.1
271,15,4208.19,13.2851,6.1678,0.0183018,41374.9
271,15,4179.05,13.0715,6.09663,0.0199074,41681.4
272,15,4156.85,12.9133,6.03673,0.01981,41288.7
272,15,4148.24,12.845,6.00564,0.0206885,39851.4
272,15,4142.17,12.7955,5.98461,0.0168157,38275.6
272,14,4133.89,12.7425,5.96267,0.019922,36318.3
272,14,4132.54,12.7398,5.95681,0.0167958,34085.8
272,14,4125.75,12.7064,5.93734,0.0172489,32438.4
272,14,4113.54,12.6135,5.90358,0.0173477,31555.7
273,14,4092.08,12.4711,5.8451,0.018412,30787.2
273,13,4075.19,12.3334,5.79275,0.0172875,30052.4
273,13,4059.51,12.2237,5.74743,0.0149371,29192.2
273,13,4043.9,12.1356,5.70625,0.0131086,28053.4
273,13,4021.05,12.0162,5.64527,0.0172258,26461.7
273,13,4002.55,11.8875,5.59205,0.0172008,25316.1
273,13,3988.6,11.8029,5.55281,0.0149874,24453.4
274,12,3966.55,11.6568,5.48521,0.013285,23540.1
274,12,3946.62,11.5405,5.43986,0.0116872,22816.4
274,12,3927.24,11.3976,5.37598,0.0112464,22115.3
274,12,3910.47,11.2761,5.32681,0.00529385,21232.4
274,12,3902.01,11.2201,5.29439,0.00484066,20255.9
274,11,3889.14,11.1523,5.26342,0.00509467,19243
274,11,3874.34,11.0634,5.21818,0.00504255,18377.8
275,11,3846.46,10.8792,5.13873,0.0067429,17685.5
275,11,3827.83,10.7429,5.08179,0.00442407,17191.7
275,11,3808.55,10.6289,5.0312,0.00321267,16491.8
275,10,3794.9,10.5522,4.99049,0.00359956,15732.7
275,10,3787.73,10.5245,4.97308,0.00492428,14727.1
275,10,3795.97,10.5789,4.982,0.00379936,13784.4
275,10,3798.72,10.6098,4.98485,0.00320681,12973.7
276,10,3784.6,10.523,4.9392,0.00227239,12425.4
276,9,3766.01,10.4146,4.88601,0.00415073,11943
276,9,3745.75,10.2991,4.83062,0.0035105,11331.7
276,9,3729.54,10.2044,4.77985,0.0021302,10831.9
276,9,3716.63,10.1378,4.74473,0.00323301,10294
276,9,3714.54,10.1342,4.72891,0.00304293,9741.15
277,8,3713.2,10.1311,4.72003,0.00203454,9058.34
277,8,3712.27,10.1531,4.70752,0.000496824,8490.89
277,8,3748.48,10.3837,4.7877,0.00214942,7723.49
277,8,3825.24,10.8553,4.95922,0.0026935,6867.76
277,8,3898.44,11.2937,5.12393,0.00186779,6211.6
277,7,4189.11,12.9008,5.77571,0.0019749,5105.1
277,7,4656.67,15.3573,6.77491,0.00132037,4124.34
278,7,4691.05,15.4935,6.8172,0.00124695,3871.14
278,7,4710.02,15.5558,6.83678,0.00131925,3640.63
278,7,4736.53,15.6336,6.85781,0.00121904,3387.44
278,6,4763.57,15.7333,6.88679,0.000785983,3173.78
278,6,4799.5,15.8501,6.92673,0.000869536,2967.51
278,6,4837.48,15.9897,6.96658,0.000876328,2768.51
278,6,4881.22,16.1288,7.01299,0.000710218,2553.98
279,6,4931.57,16.3108,7.07756,0.000655145,2370.6
279,5,4986.67,16.4912,7.14172,0.000664205,2198.3
279,5,5049.17,16.6991,7.21707,0.000982765,2033.59
279,5,5115.35,16.9091,7.28695,0.000338887,1878.48
279,5,5185.54,17.1297,7.371,0.000699824,1709.59
279,5,5264.9,17.3686,7.46251,0.000484243,1571.55
279,4,5350.34,17.6251,7.55379,0.00043181,1441.21
280,4,5446.95,17.9019,7.66341,0.000360346,1318.47
280,4,5545.85,18.1687,7.76861,0.000414096,1192.73
280,4,5654.98,18.4691,7.88389,0.000394506,1086.26
280,4,5769.11,18.7832,8.00218,0.000398753,987.328
280,3,5893.69,19.1056,8.13151,0.000279643,895.238
280,3,6033.7,19.4664,8.27746,0.000253153,809.651
280,3,6160.99,19.7693,8.39775,0.000206036,723.22
281,3,6307.1,20.1129,8.53627,0.000355212,648.501
281,3,6457.09,20.4536,8.67807,0.000238438,582.216
281,2,6612.3,20.7898,8.81594,0.00027648,519.566
281,2,6770.38,21.1198,8.95472,0.000256868,460.716
281,2,6943.93,21.463,9.09726,0.000162949,409.859
281,2,7117.83,21.793,9.23371,0.000166632,363.038
282,2,7298.05,22.1149,9.36276,0.000164275,320.479
282,1,7477.94,22.4342,9.50571,0.000165934,282.033
282,1,7656.27,22.7154,9.63281,0.000148558,245.952
282,1,7820.52,22.9373,9.73031,0.000115398,214.989
282,1,7979.5,23.1212,9.81909,0.000112185,187.227
282,1,8122.6,23.2313,9.87279,0.0000912,162.408
282,0,8264.72,23.3037,9.91407,0.0000851,140.182
283,0,8395.77,23.3251,9.93473,0.0000691,120.509
283,0,8521.58,23.2844,9.92909,0.0000718,101.992
283,0,8630.8,23.2005,9.90638,0.0000646,86.5535
283,0,8733.31,23.0891,9.86904,0.0000533,73.0185
283,0,8835.01,22.9773,9.82515,0.0000573,61.284
283,0,8919.56,22.8491,9.78034,0.000036,51.0685
283,0,9013.92,22.69,9.702,0.0000249,41.6411
284,0,9090.42,22.5186,9.62699,0.0000255,34.1912
284,0,9159.38,22.3322,9.52639,0.000012,27.9127
284,0,9235.86,22.1773,9.45068,0.0000144,22.6357
284,-1,9316.11,22.0613,9.37904,0.000012,18.2744
284,-1,9444.99,22.0225,9.34132,0.0000122,14.6732
284,-1,9634.77,22.0866,9.32218,0.0000137,11.7378
285,-1,9879.27,22.264,9.37424,0.00000737,9.35423
285,-1,10254.3,22.6003,9.47817,0.00000133,7.425
285,-2,10617.7,22.9869,9.62,0.00000155,5.90077
285,-2,11073.3,23.475,9.79498,-0.00000111,4.69079
285,-2,11601.7,24.0304,10.0154,-0.00000667,3.73055
285,-2,12119.8,24.6247,10.2575,-0.0000084,2.97482
285,-2,12640.8,25.2103,10.4958,-0.0000092,2.37926
286,-3,13201.3,25.8565,10.7482,-0.0000181,1.90881
286,-3,13643.2,26.413,11.038,-0.00000542,1.53338
286,-3,13900.8,26.8345,11.2711,-0.00000562,1.2397
286,-3,14140.8,27.1979,11.411,-0.00000514,1.00373
286,-3,14188.6,27.3663,11.6109,-0.00000826,0.814553
286,-4,14283.3,27.7024,11.7518,-0.00000784,0.661565
287,-4,13926,27.9187,11.9735,-0.0000076,0.477361
287,-4,13936.7,28.08,12.2407,-0.0000193,0.390554
287,-4,14299.3,29.4434,12.7356,-0.00000909,0.414186
287,-4,19048.8,36.234,15.0401,-0.00000482,0.264053
287,-5,28059,41.059,16.5052,-0.0000112,0.153457
287,-5,29035.9,41.6672,17.7699,-0.0000128,0.114768
287,-5,22077.2,42.7605,18.0691,-0.0000118,0.0989901
288,-5,18112.6,41.9965,19.592,-0.00000836,0.089269
288,-5,16926.6,44.4983,21.4517,-0.0000182,0.0760262
288,-5,13500.6,45.7514,22.064,-0.0000177,0.0691603
288,-6,14421.5,46.8355,25.333,-0.0000164,0.061198
288,-6,13840.2,47.4358,27.326,-0.00000933,0.0587038
288,-6,11955.1,53.1379,31.2657,-0.0000166,0.0525043
289,-6,10849.4,51.9332,32.6877,-0.0000245,0.048658
289,-6,8790.24,51.2002,31.0629,-0.0000175,0.0465299
289,-7,8615.71,52.7363,36.0551,-0.00000672,0.0471761
289,-7,7928.89,64.2354,41.6493,-0.0000105,0.0426211
289,-7,7783.45,65.9881,49.117,-0.0000095,0.0424726
289,-7,8189.9,73.4579,58.1247,-0.0000095,0.0388909
289,-7,7300.63,89.1087,79.1871,-0.0000241,0.0355205
290,-8,6193.94,104.491,115.675,-0.0000216,0.0363904
290,-8,6982.53,164.675,170.703,-0.00000958,0.0344126
290,-8,5710.68,231.391,386.029,-0.00002,0.0339762
290,-8,6055.08,-136.691,-257.056,-0.000012,0.0349116
290,-8,6458.15,-1889.6,-2920.9,-0.00000814,0.0330611
290,-8,5642.05,-271.927,-513.976,-0.0000162,0.0331285
